time,vel.prac,theta.prac,vel_sp,vel.sim,theta.sim
0,0,-0.995998596325834,0,0,-1
0.0599999999999987,-0.000420090142468021,-0.997747134968432,0,-0.00374754867529317,-0.989368560760953
0.120000000000001,-0.00304177126306993,-0.921747219009894,0,-0.00736671425580358,-0.957270033818659
0.18,-0.00690048377544406,-0.806579166048572,0,-0.0103366713959754,-0.904754716307552
0.239999999999998,-0.0100105415824217,-0.673471058884604,0,-0.0126675322866712,-0.833498228280634
0.300000000000001,-0.0129599322322351,-0.542100410617019,0,-0.0145080190525669,-0.745322557765508
0.359999999999999,-0.0170007702626562,-0.438829010442572,0,-0.0159494131834842,-0.642135385010788
0.420000000000002,-0.0191375671331262,-0.35938857081046,0,-0.0169841413477311,-0.526037114931133
0.48,-0.0173214920033815,-0.261486271687118,0,-0.0175698083532284,-0.399396566397737
0.539999999999999,-0.013192726827401,-0.12062297324912,0,-0.0176763193877712,-0.264827208377568
0.600000000000001,-0.00652765920931175,0.0488834963498498,0,-0.0172887566528429,-0.125126287631779
0.66,0.000165401418118494,0.257855294422843,0,-0.0164173143703416,0.0168019099114442
0.719999999999999,0.00423118242646514,0.499456522233314,0,-0.0150852331957934,0.158017588319165
0.780000000000001,0.00660993536360599,0.706401700928085,0,-0.0133311164724907,0.295613612366259
0.84,0.00816051449147048,0.825000304579401,0,-0.0112032379570783,0.426782527717682
0.899999999999999,0.00914423107468054,0.859417209274245,0,-0.00875306591162512,0.548869372701466
0.960000000000001,0.00960909104920971,0.836135630740771,0,-0.0060320027012535,0.659418292713562
1.02,0.00960420199458545,0.805339461915042,2.89379203302076e-05,-0.00309597735872169,0.756215506366811
1.08,0.0121861523929347,0.771615916917981,0.00646192115341204,-9.65509325506765e-06,0.837335271281366
1.14,0.0259691090595815,0.638516288243176,0.507739888004309,0.00401911981808592,0.90107081393519
1.2,0.0628921758900806,0.251708309938282,1.16958881477661,0.0457858076096039,0.923533289133969
1.26,0.134423535972997,-0.367986551337701,1.98353695721756,0.145904083761355,0.821995811183878
1.32,0.244312048340027,-0.957382728282695,1.99270912477023,0.276895374436967,0.525512622805588
1.38,0.384586284445195,-1.37306007828118,1.9926240182652,0.408936381003939,0.0143796110181384
1.44,0.539187782090829,-1.70409109514544,1.99249690053863,0.525837520884056,-0.691622378071861
1.5,0.690669710534708,-2.16209482845471,1.99302180902085,0.627809543143471,-1.55858245631842
1.56,0.82695902458671,-2.99908371036156,1.99303021951965,0.719585028635915,-2.55468399725608
1.62,0.94400040797597,-4.28990431334611,1.99314930664568,0.804694662812141,-3.6528327970708
1.68,1.04515756298613,-5.82505951282157,1.99284714934906,0.885146764093747,-4.82807851469572
1.74,1.13632265216327,-7.38905025755104,1.99293819128465,0.9594151780518,-6.0540659837071
1.8,1.22041525867392,-8.90078611658496,1.99285365989674,1.02714547594354,-7.30187976284639
1.86,1.29742741908696,-10.3390638399875,1.99330054933619,1.08817017796462,-8.54138569611984
1.92,1.36742410919236,-11.7012210544602,1.99314522329452,1.14226001551996,-9.74226010124968
1.98,1.42973689519643,-12.9652795461548,1.99260592078879,1.19087942037386,-10.8755892375124
2.04,1.48510967546437,-14.1279969724629,1.99071323033316,1.2341753055179,-11.9146014590657
2.1,1.53465975906663,-15.1834512002984,1.9906712,1.2730219297397,-12.8348661031674
2.16,1.57724344101876,-16.0816493030213,1.9906712,1.30836968140401,-13.6150625745461
2.22,1.6136160466851,-16.8071382660489,1.9906712,1.34025436145742,-14.2369049326622
2.28,1.64446309251939,-17.3656872955939,1.9906712,1.3698762676967,-14.6855716870617
2.34,1.67255759597996,-17.7026407134872,1.9906712,1.39749454913504,-14.9499958654145
2.4,1.69895021351755,-17.8081718386167,1.9906712,1.42360259419933,-15.0226950255218
2.46,1.72381023490459,-17.6585266880143,1.99068085227865,1.44913672839712,-14.9001741647959
2.52,1.74813479285486,-17.171573673868,1.99151512294683,1.47409339367497,-14.5827147076094
2.58,1.77238429747614,-16.3303223729079,1.99211846042561,1.49935620232054,-14.0743162628066
2.64,1.79642212118432,-15.1991820903163,1.99228733364402,1.52529052233035,-13.3827785577309
2.7,1.8190896300551,-13.8270070396751,1.99210856621952,1.55213454153271,-12.5192821747791
2.76,1.8407394812645,-12.2906789030993,1.99185271414053,1.5807196434515,-11.4984417381525
2.82,1.861624100612,-10.6636063787442,1.99137190154075,1.61104087470115,-10.3379852180208
2.88,1.8841373880442,-8.95886792765555,1.99098087165191,1.6436614720272,-9.05837963834979
2.94,1.91038417478702,-7.18522464990716,1.9906712,1.6788819751801,-7.68264708232894
3,1.94083521286836,-5.36061783528001,1.9906712,1.71658712203793,-6.23567389312373
3.06,1.97562873670355,-3.46552274503811,1.9906712,1.75718146540984,-4.74386907271034
3.12,2.01225467368605,-1.52690638237015,1.9906712,1.80031359357681,-3.23458601641087
3.18,2.04953475335311,0.398848522606315,1.9906712,1.84584009749447,-1.73537951001646
3.24,2.08466939867949,2.25145353108205,1.9906712,1.89357827873935,-0.273568734558328
3.3,2.11830789468944,3.95054317593771,1.9906712,1.94281747041145,1.12454191963636
3.36,2.15301686421501,5.48635905207964,1.9906712,1.99331635840474,2.43418637750971
3.42,2.18974483600836,6.82381185753664,1.9906712,2.04434864529427,3.6326199917573
3.48,2.22794678684138,7.92035900961888,1.9906712,2.09527417322341,4.69972834152518
3.54,2.26428051605109,8.79879273554434,1.9906712,2.14567677809478,5.61823355469113
3.6,2.29763558479482,9.51022840144875,1.9906712,2.19472781223437,6.37408114042942
3.66,2.32818387549542,10.0379911260375,1.9906712,2.24205274989798,6.95663659272902
3.72,2.35933119561714,10.4040187284338,1.9906712,2.28708350463492,7.35872534245228
3.78,2.39001139278181,10.6130816205486,1.9906712,2.32925254924866,7.57681141811891
3.84,2.41893870644151,10.6012638363715,1.9906712,2.36832739298999,7.6108633140478
3.9,2.44445137072974,10.3515715661578,1.9906712,2.4037351357778,7.46433689290642
3.96,2.46487326320844,9.85003477645632,1.9906712,2.4352297093117,7.14411668672441
4.02,2.4801394718109,9.07773359170253,1.9906712,2.46253455228576,6.66025573230882
4.08,2.49004173410539,8.07360273142858,1.9906712,2.48527013077771,6.02587539072863
4.14,2.49599902865359,6.93806066342345,1.9906712,2.503401376728,5.25684377378885
4.2,2.49713067990699,5.6878747109778,1.9906712,2.51666592583178,4.3714737694429
4.26,2.49349580657034,4.32367974108348,1.9906712,2.52502483879846,3.39022937037926
4.32,2.48732554650015,2.88271324945797,1.9906712,2.52855452215804,2.33523855652004
4.38,2.48084553363921,1.34779593154491,1.9906712,2.52723055136454,1.22991640323085
4.44,2.47242541427188,-0.220495054196605,1.9906712,2.52136962032051,0.0984384290506164
4.5,2.4612993401992,-1.71301124362728,1.9906712,2.51118477974816,-1.03478518090674
4.56,2.44650788980162,-3.11252252650667,1.9906712,2.49702348317847,-2.14556792415538
4.62,2.42626654806779,-4.40035250153753,1.9906712,2.47941758833135,-3.21054280125251
4.68,2.40134031161763,-5.53328994227493,1.9906712,2.45876008005985,-4.20761004405796
4.74,2.37424316038928,-6.54444058534634,1.9906712,2.43568961290902,-5.11639728696709
4.8,2.34582029280867,-7.46346972622763,1.9906712,2.41074831297779,-5.91869475756438
4.86,2.31665047244083,-8.24430646988794,1.9906712,2.38446399797523,-6.59871446308437
4.92,2.28916766722768,-8.85471665938577,1.9906712,2.35748323520543,-7.14341214723658
4.98,2.26353578519833,-9.27773451127432,1.9906712,2.33026308845919,-7.54266268617662
5.04,2.23814652013168,-9.55269253939754,1.9906712,2.30337321631437,-7.7893845481915
5.1,2.21174969581062,-9.69369704077408,1.9906712,2.27731736516599,-7.87965823460491
5.16,2.18454847813611,-9.6539862330806,1.9906712,2.2524918019303,-7.81269712957883
5.22,2.15745748532751,-9.3673471303373,1.9906712,2.22939234822355,-7.59084209022136
5.28,2.13180582222703,-8.80521841947987,1.9906712,2.20834938965398,-7.21947769091923
5.34,2.10807745087363,-7.98591424561735,1.9906712,2.18973026641446,-6.70688907868148
5.4,2.0875964032481,-7.00324866140256,1.9906712,2.17387029774091,-6.06412378953439
5.46,2.07280810306221,-5.91276101033145,1.9906712,2.16096870279214,-5.30473320483617
5.52,2.06312051049677,-4.74975474504715,1.9906712,2.15127737131116,-4.44452295557976
5.58,2.05677356502615,-3.48017762132753,1.9906712,2.14489535698458,-3.50124126160345
5.64,2.05283223526934,-2.0954578066263,1.9906712,2.14188038106205,-2.49419644606333
5.7,2.04960630222436,-0.692012860341839,1.9906712,2.14224998312951,-1.44389410518511
5.76,2.04848015349108,0.660285092238245,1.9906712,2.14584218203312,-0.371568563593409
5.82,2.05207265919339,1.93428933062143,1.9906712,2.15250779849302,0.701265983196988
5.88,2.05935656652364,3.13462983778606,1.9906712,2.16196548072341,1.75326311797273
5.94,2.0700160336511,4.28528207859778,1.9906712,2.17386083421933,2.7637299170574
6,2.08437742306064,5.41451850354685,1.9906712,2.18784334499817,3.71302925041143
6.06,2.10192447526947,6.46263680659006,1.9906712,2.20344264995575,4.58299561560694
6.12,2.12097063618896,7.32699276218621,1.9906712,2.2202201136283,5.35729962717188
6.18,2.13949697137403,7.96958309654436,1.9906712,2.23771286911599,6.02173052306738
6.24,2.15479026711524,8.43284761060622,1.9906712,2.25543117650264,6.56445682847659
6.3,2.1680154552172,8.75877943468672,1.9906712,2.27295374409911,6.97620229156283
6.36,2.18127795056799,8.95528489686292,1.9906712,2.28983040549882,7.25037369787461
6.42,2.19570188502259,9.01557230076133,1.9906712,2.30566072564684,7.38314001341209
6.48,2.20967743236184,8.89756941533019,1.9906712,2.32007391463213,7.37345299253959
6.54,2.22096276000461,8.57415950072694,1.9906712,2.3326918895662,7.22304800257042
6.6,2.22800736605907,8.07014066779168,1.9906712,2.34322813946668,6.93636032873614
6.66,2.22969811775637,7.39592655398771,1.9906712,2.35139158909762,6.52041060006125
6.72,2.2257652455176,6.54660225839473,1.9906712,2.35693187038011,5.98467361837426
6.78,2.21868295671381,5.55122981099887,1.9906712,2.35966118461648,5.34088364071961
6.84,2.2109697541963,4.45636749347972,1.9906712,2.35940314115211,4.60281292660103
6.9,2.20316612196971,3.32049578044284,1.9906712,2.3560749359001,3.78599907802244
6.96,2.1982972313635,2.15694551060208,1.9906712,2.34963672500893,2.90742379614643
7.02,2.19395876251158,0.966060987282514,1.9906712,2.3401067238751,1.98518567629087
7.08,2.18551936434884,-0.220307589005606,1.9906712,2.32759743605784,1.03811845646587
7.14,2.17098389762072,-1.39013827401416,1.9906712,2.31225539073118,0.0854020823724256
7.2,2.15248594966569,-2.51147702184822,1.9906712,2.29431808289162,-0.853831800183744
7.26,2.13282702983437,-3.55966109493087,1.9906712,2.27407899800192,-1.7609180506683
7.32,2.11523670666849,-4.52462825157181,1.9906712,2.25187053932548,-2.61803481529849
7.38,2.10111937295433,-5.39333842626794,1.9906712,2.22809023003609,-3.40858369957547
7.44,2.08757052485145,-6.11142742120742,1.9906712,2.20314044092021,-4.117517201949
7.5,2.07221922840919,-6.69058535722991,1.9906712,2.1774458616758,-4.73161585134294
7.56,2.0536903612538,-7.16359817875125,1.9906712,2.15143652534642,-5.23973304078573
7.62,2.03306742513656,-7.55970561853591,1.9906712,2.12552522670495,-5.6329805495529
7.68,2.01255074000844,-7.88327652386215,1.9906712,2.10013106278921,-5.9048701401848
7.74,1.99354688797871,-8.09464807357594,1.9906712,2.07564204379672,-6.05140104042798
7.8,1.97765873191781,-8.10851840671683,1.9906712,2.05242764643765,-6.07110766985818
7.86,1.96581801775639,-7.88654422228132,1.9906712,2.03083707453576,-5.9650557423352
7.92,1.95612331009867,-7.4365546095556,1.9906712,2.01117017646345,-5.73677764130848
7.98,1.94665220232999,-6.81084013937982,1.9906712,1.99371429109888,-5.39219066381193
8.04,1.93794296690544,-6.09323752279723,1.9906712,1.97871336400182,-4.93947749349193
8.1,1.92944208896942,-5.31498920737802,1.9906712,1.96636280996629,-4.38890128870375
8.16,1.92310262760853,-4.4608156812165,1.9906712,1.95682021746041,-3.75259285316225
8.22,1.92178246861722,-3.52300783014016,1.9906712,1.95017256884905,-3.04429228117593
8.28,1.9245746972408,-2.52156818945892,1.9906712,1.94647354782604,-2.27907989760741
8.34,1.93069509172803,-1.47037774130115,1.9906712,1.94571391037144,-1.47307690017993
8.4,1.94118800479292,-0.428608383549688,1.9906712,1.94779938652272,-0.643088452927196
8.46,1.95403027102572,0.562048570162088,1.9906712,1.95259436851744,0.193755349492472
8.52,1.96731929676395,1.51534607131543,1.9906712,1.95990072804453,1.02034315037657
8.58,1.98260016948546,2.44438939405934,1.9906712,1.96946630171623,1.81994342581801
8.64,1.99881712474662,3.34659233020644,1.9906712,1.98100201931526,2.57654745028531
8.7,2.01384790274887,4.17943088515049,1.9906712,1.99416004747464,3.27520232894246
8.76,2.02972494308789,4.88272810994517,1.9906712,2.0085812128465,3.90231538573944
8.82,2.04631965949951,5.39108576479909,1.9906712,2.02389289777647,4.44589798598818
8.88,2.06220159171817,5.72110690478188,1.9906712,2.03970845173367,4.89578467034415
8.94,2.07913733869269,5.96842481173143,1.9906712,2.05565558116752,5.24380877390689
9,2.09676872860535,6.1755574909312,1.9906712,2.07135796211227,5.48392674050444
9.06,2.11330151118581,6.32924190131591,1.9906712,2.08645527193223,5.61231772646221
9.12,2.12889614550929,6.37304659836771,1.9906712,2.1006165974202,5.62742037313688
9.18,2.14249855049858,6.28345480803743,1.9906712,2.11353271570763,5.52992155657798
9.24,2.15310688184596,6.03689454820056,1.9906712,2.12492400167404,5.32271984577792
9.3,2.16297234004022,5.58692291453041,1.9906712,2.1345334103177,5.01085724433575
9.36,2.1718173760769,4.94593439254164,1.9906712,2.14214366043528,4.60140032485093
9.42,2.1759159371305,4.17350145338166,1.9906712,2.14757355697825,4.10329154567534
9.48,2.17468084360586,3.32151371469698,1.9906712,2.1506703150966,3.5271749669656
9.54,2.16922347554842,2.47594360823023,1.9906712,2.15134447920831,2.88517900367083
9.6,2.16184636155872,1.66745073585199,1.9906712,2.14955212440444,2.1906564737594
9.66,2.15617200914928,0.832344513277465,1.9906712,2.14530442206895,1.45791237058948
9.72,2.15171017280691,-0.0326612537578034,1.9906712,2.13866499782375,0.701906828834846
9.78,2.14458243156157,-0.865990197050392,1.9906712,2.12974169546163,-0.0620451365922719
9.84,2.13348841333046,-1.67143337835419,1.9906712,2.1187038508182,-0.818595626050987
9.9,2.11829988116829,-2.45286513496879,1.9906712,2.10576495791605,-1.55268624968785
9.96,2.1004325068821,-3.15708178312492,1.9906712,2.09118412981676,-2.24986265101832
10.02,2.08218671949024,-3.79332551019601,1.9906712,2.07524653192675,-2.89656584985353
10.08,2.06432428189426,-4.32678802820235,1.9906712,2.05826058183673,-3.48039123230227
10.14,2.04703936414365,-4.75662841123529,1.9906712,2.04056482760919,-3.99034205119476
10.2,2.03112113672129,-5.12650090714797,1.9906712,2.02249545555006,-4.41703475562902
10.26,2.01693817323476,-5.45510583261037,1.9906712,2.0043881581717,-4.75285517683953
10.32,2.00251844218361,-5.67937737683293,1.9906712,1.98658249034342,-4.99209738650283
10.38,1.98800765014864,-5.72983166689009,1.9906712,1.96939305900795,-5.13104007950801
10.44,1.97357930371013,-5.61330798911609,1.9906712,1.95312756805416,-5.16799495241392
10.5,1.95982330097649,-5.40043310250396,1.9906712,1.93807830374793,-5.10332630999178
10.56,1.94653164267491,-5.16672410219187,1.9906712,1.92450297414462,-4.93942192495838
10.62,1.93306224103719,-4.88494747585016,1.9906712,1.91263467341352,-4.68061528090345
10.68,1.92086273853795,-4.49740494358034,1.9906712,1.90267497734291,-4.33308701236775
10.74,1.91006996820206,-3.9395309693895,1.9906712,1.8947949688475,-3.90473729790401
10.8,1.90130705583587,-3.25038535995938,1.9906712,1.88912230243334,-3.40501544185942
10.86,1.89426252328509,-2.48216130731533,1.9906712,1.88573576138468,-2.84471683468773
10.92,1.89021344795282,-1.69497476480768,1.9906712,1.88467566200137,-2.23575309938702
10.98,1.8894056452903,-0.904974250391827,1.9906712,1.88594230266055,-1.59091990667538
11.04,1.89094019478458,-0.090556104575277,1.9906712,1.88947641824307,-0.923628238098817
11.1,1.89632811435166,0.732296173267103,1.9906712,1.8951739201957,-0.247615331197887
11.16,1.90494411648687,1.50319033675573,1.9906712,1.90288345557549,0.42334196129473
11.22,1.9146989505155,2.16889834607848,1.9906712,1.91242328278784,1.07569649970415
11.28,1.92482422556438,2.77707748416333,1.9906712,1.92356540344796,1.6964145106994
11.34,1.93750264719994,3.31553033932253,1.9906712,1.93604568340091,2.27324586089195
11.4,1.95227341934649,3.79035659553221,1.9906712,1.94957680488058,2.79497255410545
11.46,1.96904766182783,4.21020581997329,1.9906712,1.96386053991976,3.25162254624155
11.52,1.98678586627675,4.52973605883002,1.9906712,1.97860053166071,3.63463721505918
11.58,2.00237832665187,4.70984034113883,1.9906712,1.99349334263199,3.93702180679102
11.64,2.01484069334678,4.77758455609009,1.9906712,2.00823099299721,4.15347786804886
11.7,2.02468569168339,4.77197382832774,1.9906712,2.02251480386216,4.2804863395678
11.76,2.0339515702447,4.69886042644157,1.9906712,2.03606419026837,4.3163544942451
11.82,2.04305177974292,4.59199147545263,1.9906712,2.0486090832305,4.26122897852103
11.88,2.05161409335285,4.38623626590068,1.9906712,2.05990908965962,4.11707721179588
11.94,2.05922256460694,4.00024950576032,1.9906712,2.06976152936384,3.88760934610206
12,2.06500363567337,3.43534597944293,1.9906712,2.07797720806216,3.57819299569883
12.06,2.06881048153689,2.76283521256355,1.9906712,2.08440150099779,3.19575310587032
12.12,2.07195663016297,2.06988963068461,1.9906712,2.08891739634652,2.74861467792704
12.18,2.07541262227535,1.40779175752475,1.9906712,2.09144636967424,2.24632474963845
12.24,2.07839706953611,0.752274277728225,1.9906712,2.09195124465402,1.69945510790553
12.3,2.07935829040367,0.0622133364331783,1.9906712,2.09042509332799,1.11939190678864
12.36,2.0762486496972,-0.663740792104559,1.9906712,2.08691494194038,0.518100392238704
12.42,2.06888981244425,-1.38439077967157,1.9906712,2.081505706173,-0.0921313222545643
12.48,2.06070435248213,-2.03674267401332,1.9906712,2.07432421583842,-0.69894195649194
12.54,2.05272231129077,-2.65871842087373,1.9906712,2.06553459354282,-1.2901516727603
12.6,2.04572371969519,-3.28045149107541,1.9906712,2.05533714573956,-1.85401787641665
12.66,2.0398221674359,-3.82010502585015,1.9906712,2.0439620651587,-2.37947278700258
12.72,2.03381453060742,-4.22199008068389,1.9906712,2.03165160321672,-2.85634126239114
12.78,2.02793731810663,-4.51905258643354,1.9906712,2.01866047709433,-3.27552394950973
12.84,2.02142499019548,-4.73207633633857,1.9906712,2.00526492839215,-3.62917866912728
12.9,2.01326758837427,-4.9213796643469,1.9906712,1.99173548318929,-3.91086432838287
12.96,2.00267795923153,-5.12521057299964,1.9906712,1.97834988696995,-4.11565300828769
13.02,1.99228891367414,-5.28386854950477,1.9906712,1.9653731185722,-4.24021564120373
13.08,1.98364830695138,-5.31205884809091,1.9906712,1.95305279569274,-4.28285765246147
13.14,1.97676062080913,-5.17862187168178,1.9906712,1.94161990229289,-4.24353100150619
13.2,1.97124258282656,-4.90181286147776,1.9906712,1.93130001425423,-4.1238223874726
13.26,1.96611310111143,-4.51415880609638,1.9906712,1.92229528918754,-3.92692418118112
13.32,1.96123371995823,-4.03525540055589,1.9906712,1.9147695417403,-3.65754270770198
13.38,1.9563628657647,-3.49961272759471,1.9906712,1.9088613255494,-3.32178530362699
13.44,1.95356800315172,-2.95492595572577,1.9906712,1.90468313628539,-2.92703578419407
13.5,1.95183331425996,-2.39694674793239,1.9906712,1.90231974620688,-2.48180833144436
13.56,1.95058161370704,-1.78157822223346,1.9906712,1.90180418986002,-1.99556084782599
13.62,1.95282537681147,-1.1404592662341,1.9906712,1.90313020701781,-1.47848488674012
13.68,1.95955114435842,-0.461442695325937,1.9906712,1.90625356701345,-0.941290393137316
13.74,1.96823732152625,0.266336745327419,1.9906712,1.91110274305706,-0.394991847671539
13.8,1.97495092647701,0.985454640775216,1.9906712,1.9175642794333,0.149310900504157
13.86,1.97753417460434,1.64780194092529,1.9906712,1.92549145219659,0.680672076525252
13.92,1.97654285286912,2.19410581971612,1.9906712,1.93471243957954,1.1885155174103
13.98,1.97544609698783,2.57769898151235,1.9906712,1.94503156754547,1.66284436547727
14.04,1.97799898165524,2.82649346482403,1.9906712,1.95623239932601,2.09443400305993
14.1,1.98338494319361,3.06263393478454,1.9906712,1.96806933827253,2.47502735306185
14.16,1.99050671264749,3.33205404885561,1.9906712,1.9802976055179,2.79749490519487
14.22,1.9982529355813,3.65400149375556,1.9906712,1.99267606538058,3.05594494469123
14.28,2.00788542996699,3.95254808544584,1.9906712,2.00496357641177,3.24582357820872
14.34,2.01887787210662,4.10066700425521,1.9906712,2.01691488992164,3.3639986449424
14.4,2.02906499613983,4.09253086494476,1.9906712,2.02829635984132,3.4088125572508
14.46,2.03807541491296,3.96178533294946,1.9906712,2.03888969062917,3.38009483500731
14.52,2.04434112823997,3.70785436209514,1.9906712,2.04849442782356,3.27914932173376
14.58,2.04749333691072,3.3462679051392,1.9906712,2.05693688387965,3.10870930134211
14.64,2.04878269547142,2.93765128634199,1.9906712,2.06406498872014,2.87286484422165
14.7,2.050468408695,2.4879429633696,1.9906712,2.06974872247664,2.5769767185505
14.76,2.05185758000207,2.0085994568363,1.9906712,2.07389199238912,2.22756079830542
14.82,2.05241434868101,1.51518395758651,1.9906712,2.07642205120663,1.83214715399134
14.88,2.05054081756087,0.979723441288538,1.9906712,2.07730345940457,1.39912754575523
14.94,2.04466535492117,0.378760624501321,1.9906712,2.07653631218874,0.937573470182609
15,2.03868777663948,-0.240179957317801,1.9906712,2.07415176068509,0.457049185331865
15.06,2.03621860738229,-0.846394996117762,1.9906712,2.07021520373144,-0.0325852473385525
15.12,2.03564480975765,-1.4401622518366,1.9906712,2.06482436181187,-0.521378661837178
15.18,2.03439359591596,-1.97678213759525,1.9906712,2.05810692797158,-0.999490126902118
15.24,2.0315491238488,-2.44914666885892,1.9906712,2.05021527594176,-1.45739142922199
15.3,2.02627396933951,-2.8705811354071,1.9906712,2.04131942398999,-1.88605145247836
15.36,2.01898332589361,-3.25778560337488,1.9906712,2.03161077226549,-2.2771110333649
15.42,2.01094058190316,-3.60084164854551,1.9906712,2.02130144894643,-2.62305781338276
15.48,2.00151968901268,-3.89533455289951,1.9906712,2.01061318054045,-2.91737161188329
15.54,1.99142499350505,-4.14034105645521,1.9906712,1.99976371914279,-3.1546392461607
15.6,1.98197930683527,-4.33471205022269,1.9906712,1.9889759184906,-3.33065067381833
15.66,1.97324409862593,-4.45987214163921,1.9906712,1.97846311123398,-3.44246627124077
15.72,1.9653834032641,-4.49927090096538,1.9906712,1.96843136148611,-3.48845887782531
15.78,1.95855940508889,-4.44593812864151,1.9906712,1.95908065211882,-3.46834018029964
15.84,1.95283909064299,-4.28907955363793,1.9906712,1.95060062930665,-3.38316128626026
15.9,1.9491214275404,-4.03642645344875,1.9906712,1.9431504907775,-3.23527092401927
15.96,1.9472839987723,-3.70227655545821,1.9906712,1.93687153005962,-3.02824806406572
16.02,1.94687475117286,-3.30373927595049,1.9906712,1.9318764741553,-2.76682310052482
16.08,1.94852747196885,-2.85830315331779,1.9906712,1.92825018963933,-2.45676375698404
16.14,1.95067393993618,-2.37436071361574,1.9906712,1.92605933773231,-2.10475827830981
16.2,1.95309679312467,-1.86195404551895,1.9906712,1.92534279367233,-1.71828472934346
16.26,1.95784283219049,-1.34098293764606,1.9906712,1.92610931522932,-1.30545396096874
16.32,1.96508869759226,-0.805132452375422,1.9906712,1.92832751784729,-0.874831431643423
16.38,1.97377272868893,-0.2819960952257,1.9906712,1.9319409960115,-0.435256332772745
16.44,1.98243174730042,0.220959671503362,1.9906712,1.9368714244414,0.0043320698353272
16.5,1.99046218970027,0.693567618427698,1.9906712,1.94300657584681,0.435074970849447
16.56,1.99974094846516,1.13394101618367,1.9906712,1.95020541527034,0.848387356846858
16.62,2.01211418989443,1.54324408262441,1.9906712,1.95831145920223,1.2361249733736
16.68,2.02561548802487,1.90987552898462,1.9906712,1.96715581122684,1.5907418663381
16.74,2.03736878634127,2.21697362575681,1.9906712,1.97655204429213,1.90543183056325
16.8,2.04597668886296,2.44204440515751,1.9906712,1.98630281867057,2.1742663699016
16.86,2.05210060577757,2.58308123743638,1.9906712,1.99620254509522,2.39230943597774
16.92,2.05821172434492,2.66844469975963,1.9906712,2.00605733628131,2.55569942535137
16.98,2.06411871743763,2.74452216967325,1.9906712,2.01567600429142,2.66170020617854
17.04,2.06749365485598,2.79129247481527,1.9906712,2.02486960049517,2.70875300971193
17.1,2.06781521894689,2.80141212899623,1.9906712,2.03345715835581,2.69649799242362
17.16,2.06623336123786,2.75460294383237,1.9906712,2.04127612533849,2.62576930448829
17.22,2.06277872535466,2.6007871995174,1.9906712,2.04817464853354,2.49856698339545
17.28,2.05818019677873,2.34856156050748,1.9906712,2.05403189974265,2.3180012834392
17.34,2.05459309036613,2.04643884650189,1.9906712,2.05875046523728,2.08820833372233
17.4,2.05236031658543,1.73437794704355,1.9906712,2.06224492055044,1.81426438202553
17.46,2.05121572048807,1.45400700790175,1.9906712,2.06444855635917,1.50209558080904
17.52,2.05100997121233,1.19797474089967,1.9906712,2.06532183202562,1.15835376611586
17.58,2.04973100151857,0.900619443838493,1.9906712,2.06486095818667,0.79026710506608
17.64,2.04754127386708,0.500485744579011,1.9906712,2.06309035281703,0.405486313816727
17.7,2.04500958813369,0.0506018980318211,1.9906712,2.06006080444484,0.0119201490041876
17.76,2.04045733412345,-0.376300808197556,1.9906712,2.05584704110733,-0.382420289006404
17.82,2.03455870835873,-0.775799331001975,1.9906712,2.05054716391253,-0.769586337461702
17.88,2.02856624995963,-1.14480029882681,1.9906712,2.04427975733633,-1.14185058061797
17.94,2.02229496467042,-1.467623620691,1.9906712,2.03717881992372,-1.49186014074429
18,2.01663011330694,-1.7383830490179,1.9906712,2.02939268010338,-1.81277392682726
18.06,2.01130582119168,-1.94950487917352,1.9906712,2.02109504980973,-2.09841115068117
18.12,2.00491712965269,-2.10877491383385,1.9906712,2.01245929144598,-2.34337207203821
18.18,1.99851964217002,-2.27774119652661,1.9906712,2.00365461654354,-2.54312065392383
18.24,1.99393930124471,-2.43277294446238,1.9906712,1.99486725451325,-2.69407676156857
18.3,1.98951678992588,-2.49716019755401,1.9906712,1.98627364877631,-2.79368415158907
18.36,1.98303256069813,-2.47326725054187,1.9906712,1.97803969472622,-2.84044115165724
18.42,1.9750710267863,-2.41289060445281,1.9906712,1.970330267697,-2.83392118980703
18.48,1.96633237387168,-2.38761929442388,1.9906712,1.9632925854908,-2.7747738095468
18.54,1.95855675670538,-2.42067877376173,1.9906712,1.95706797490714,-2.66470388635627
18.6,1.95386476750529,-2.44784993384478,1.9906712,1.9517720266486,-2.50642556226702
18.66,1.95291025689572,-2.3755990193367,1.9906712,1.94749843945573,-2.30358968012172
18.72,1.95400981066901,-2.17841163717933,1.9906712,1.94432265077824,-2.06070522023298
18.78,1.95586585935152,-1.91878278102083,1.9906712,1.94229654237572,-1.78304018941022
18.84,1.95748824043842,-1.64701698173231,1.9906712,1.94144862112562,-1.47650740816291
18.9,1.95829994715637,-1.35223600638733,1.9906712,1.94179186490605,-1.14754789057647
18.96,1.9585375223414,-1.0110070541915,1.9906712,1.94330917413583,-0.80299767882368
19.02,1.95875873039321,-0.662174422865779,1.9906712,1.94596417170105,-0.449947388423359
19.08,1.95958147050507,-0.371695864602724,1.9906712,1.94969290986269,-0.0955934823880618
19.14,1.96170929645696,-0.132799012014241,1.9906712,1.95440583742163,0.252912470970425
19.2,1.96473416155648,0.0833505902621819,1.9906712,1.95999966543753,0.588609789608931
19.26,1.96898589863953,0.306748280795493,1.9906712,1.96634961889384,0.904866800549712
19.32,1.97569023170873,0.556386770453429,1.9906712,1.9733204145504,1.19550804312848
19.38,1.98285017400224,0.785810722899818,1.9906712,1.98076135381498,1.45494179875186
19.44,1.98975321047234,0.940684923981631,1.9906712,1.98851772178339,1.67826341538763
19.5,1.99613920982586,1.04944023150263,1.9906712,1.9964342283169,1.86133828947254
19.56,2.0030518413149,1.1504608876967,1.9906712,2.00434503998742,2.00088650221608
19.62,2.00905062550809,1.21096332336281,1.9906712,2.01209459419774,2.09453680897518
19.68,2.01436904480784,1.2241425509092,1.9906712,2.01953271894297,2.14085684920076
19.74,2.02019304606232,1.20699065300793,1.9906712,2.0265068744445,2.13938293716492
19.8,2.02533558285312,1.16652550803195,1.9906712,2.03288985972252,2.09061379040091
19.86,2.02950157536318,1.11654718965664,1.9906712,2.03855818378813,1.99598688222733
19.92,2.03434723772957,1.06589727201726,1.9906712,2.04339702496272,1.85785314500696
19.98,2.04015836057995,0.985343633237619,1.9906712,2.047320799447,1.67941992253964
20.04,2.04429420038438,0.834785568768604,1.9906712,NaN,NaN
20.1,2.0473952363703,0.620270505511758,1.9906712,NaN,NaN
20.16,2.04938123172351,0.377740374206185,1.9906712,NaN,NaN
20.22,2.04960804384194,0.128068600209571,1.9906712,NaN,NaN
20.28,2.04749450514865,-0.0919873707065488,1.9906712,NaN,NaN
20.34,2.0445251656223,-0.302519866040974,1.9906712,NaN,NaN
20.4,2.04127561631594,-0.556679667273432,1.9906712,NaN,NaN
20.46,2.03789898379989,-0.838318948451627,1.9906712,NaN,NaN
20.52,2.03520700330697,-1.12653150048028,1.9906712,NaN,NaN
20.58,2.03289454146226,-1.42371230767345,1.9906712,NaN,NaN
20.64,2.02960542722021,-1.69075260716289,1.9906712,NaN,NaN
20.7,2.02470153600559,-1.88139267347977,1.9906712,NaN,NaN
20.76,2.01954806630319,-2.00171254047022,1.9906712,NaN,NaN
20.82,2.01428756754845,-2.0693623079251,1.9906712,NaN,NaN
20.88,2.00935782115547,-2.14942542112729,1.99067313795508,NaN,NaN
20.94,2.00443099496672,-2.19293987298958,1.99115769407145,NaN,NaN
21,1.99480706565485,-2.03005636677273,1.84056089940488,NaN,NaN
