time,acc_sp,vel,theta,vel_hat,theta_hat
0,-2.8780577671397,0.895576720504658,2.9982064685933,0.895576720504658,2.9982064685933
0.0300000000000011,-2.71784973254043,0.780814279673522,4.65544074824311,1.30559760643243,4.29205418354271
0.0600000000000023,-2.61027389245032,0.67063710500292,6.57935033569004,1.85849530983598,5.53172879836942
0.0900000000000034,-2.55174130815653,0.567435299408486,8.67430824518955,2.5443702258083,6.70423587064067
0.120000000000005,-2.5273293958936,0.472613129333959,10.8356733345098,3.35074209048228,7.79752029486953
0.149999999999999,-2.52221443358239,0.386536866208057,12.9584688672224,4.2657679729786,8.80056286324167
0.18,-2.52806027355079,0.308719244170525,14.92374909194,5.27786417955625,9.70355426956179
0.210000000000001,-2.53401889151258,0.23783953857169,16.6241771060957,6.37413536058181,10.4974772276298
0.240000000000002,-2.53447052113093,0.17208239789681,17.9854861685927,7.5412107979455,11.1746648000484
0.270000000000003,-2.52389723360544,0.109861383526422,18.9741583038595,8.76553992811201,11.7289470994121
0.300000000000004,-2.50208445488478,0.0500662139184561,19.596607617366,10.033385060389,12.155653941224
0.329999999999998,-2.46967472185536,-0.00819997827814158,19.8784362573417,11.3303239384837,12.4516054111747
0.359999999999999,-2.42724178143116,-0.0657342405432536,19.8700431585393,12.6420112810091,12.6144795298333
0.390000000000001,-2.37747761604478,-0.122978680167749,19.6373072885196,13.9543115887422,12.6433099709449
0.420000000000002,-2.32438978826414,-0.179960446083451,19.2481823161095,15.2529762624738,12.5387239207021
0.450000000000003,-2.27202693978698,-0.236540593991615,18.7639597560852,16.5236436030085,12.3029420777443
0.480000000000004,-2.22281941086857,-0.292410514278442,18.2460448552553,17.751838811165,11.9397786531576
0.510000000000005,-2.17764613616488,-0.347245576608481,17.7456023333863,18.9230849098679,11.4546007543412
0.539999999999999,-2.13072942714706,-0.400738210593722,17.3024460310327,20.0253012000383,10.8534392990567
0.57,-2.08577761419699,-0.452654143748043,16.9514197435859,21.0469195337882,10.1435754487758
0.600000000000001,-2.04803687368756,-0.502606954556104,16.7220153744474,21.9768806515903,9.33345645684637
0.630000000000003,-2.01621980775754,-0.550338766234272,16.627965988953,22.8052709941248,8.43245701470912
0.660000000000004,-1.99260564607138,-0.595661538331305,16.6685030392811,23.5233227022789,7.45087925189701
0.690000000000005,-1.97537388883259,-0.638419448921052,16.8314526828954,24.1234136171469,6.3999527360356
0.719999999999999,-1.96324288825871,-0.678519717844988,17.0974276661719,24.5992409932103,5.29163060357727
0.75,-1.94821473779492,-0.715985236565266,17.4445715294514,24.946600264646,4.13772350977689
0.780000000000001,-1.93035964355688,-0.751022092139646,17.848534100922,25.1618529474792,2.95144963692203
0.810000000000002,-1.91415588227287,-0.783773603569827,18.2798163053752,25.2428249087852,1.74606255033349
0.840000000000003,-1.9012795174327,-0.814352889642227,18.6987891863958,25.1890039056399,0.534602040346335
0.870000000000005,-1.89651821019101,-0.842941367913377,19.0539426881138,25.0015395851195,-0.670105877690068
0.899999999999999,-1.89097171949202,-0.869909498421098,19.2920854413564,24.6832434843009,-1.85544896341179
0.93,-1.87952026053003,-0.895709550416335,19.3570917019108,24.2385890302609,-3.00902875144146
0.960000000000001,-1.86093711619913,-0.920819560498295,19.1973085085056,23.673252633871,-4.11888385931538
0.990000000000002,-1.83825279812843,-0.945837999570464,18.7685497304708,22.9931020974535,-5.17383775771712
1.02,-1.81099308382398,-0.971312728554352,18.0326964128129,22.206747373982,-6.16247188983865
1.05,-1.77693500526455,-0.997695098428539,16.9549850215114,21.3235557495799,-7.0744649461525
1.08,-1.73548216380829,-1.0252221288718,15.5199472537369,20.3534211449972,-7.90072083388825
1.11,-1.68759997847465,-1.05420935465123,13.7393099616034,19.3067641156091,-8.63336867703328
1.14,-1.64065047016814,-1.08501878102111,11.6492864874427,18.1945318514177,-9.26576281633159
1.17,-1.58890219037669,-1.11795766644333,9.31048655287445,17.0281919095968,-9.79249107355144
1.2,-1.52923967755575,-1.15318995858597,6.79392639876001,15.8202637184273,-10.2090523180086
1.23,-1.45952229456239,-1.19064434248539,4.17660367030497,14.5846303838209,-10.5114394866758
1.26,-1.37737542936514,-1.2300950508051,1.53451752891174,13.3350506593021,-10.6970179527696
1.29,-1.28667394292604,-1.27130807213316,-1.05577074680854,12.0849870335432,-10.764643754627
1.32,-1.1953659735226,-1.31392194784144,-3.51666577016156,10.8476057303664,-10.7146635957051
1.35,-1.11461014451623,-1.35741386131484,-5.77980636229621,9.63577670874217,-10.5489148445815
1.38,-1.05207128248001,-1.40126278783174,-7.79146705913842,8.46207366279014,-10.270725534954
1.41,-0.998350330580301,-1.4450003544344,-9.50998565759999,7.33801426539548,-9.88463532270862
1.44,-0.941113273319302,-1.48800591744057,-10.9015234626755,6.27294618350701,-9.39525052892967
1.47,-0.87608649207505,-1.52988457932894,-11.9441052374675,5.278710641873,-8.80868091895807
1.5,-0.81489442045894,-1.57030146756449,-12.6191655394705,4.36585853976647,-8.13201442752116
1.53,-0.765312779118402,-1.60905034640052,-12.9115792862642,3.54323711976088,-7.37321190445115
1.56,-0.731251398875914,-1.64603095627714,-12.824715760893,2.81798996772922,-6.54110711468463
1.59,-0.699655293414168,-1.6811126232837,-12.3901949925858,2.19555701284422,-5.64540673826271
1.62,-0.661975109633588,-1.71409936150253,-11.6531290874368,1.6800095505173,-4.69651072935837
1.65,-0.617494861117448,-1.74494618068355,-10.6589276659026,1.27667021452918,-3.70459562960614
1.68,-0.574423290751302,-1.77374559309875,-9.46075725232148,0.989289702935235,-2.68099649197952
1.71,-0.545522157249022,-1.80038073077598,-8.10148350896529,0.81991425003298,-1.6371552506974
1.74,-0.529357563729219,-1.82446297346946,-6.63174455460522,0.76914982904507,-0.584399500675284
1.77,-0.518084256467854,-1.84584763324518,-5.11066270186407,0.83616215211938,0.466057502474427
1.8,-0.500818919596996,-1.86456031440657,-3.59896834422774,1.01867667032902,1.50311684244246
1.83000000000001,-0.484023617125054,-1.88083689174143,-2.15098801627037,1.31300584416919,2.51580841845156
1.86,-0.476337460782529,-1.8949482952526,-0.808931420859002,1.71509537733271,3.49372041359102
1.89,-0.473753232167009,-1.90717475914752,0.395395789678477,2.21947703102938,4.42639254625677
1.92,-0.473936404313969,-1.91767770868795,1.43502777248613,2.81945064761731,5.30394359934983
1.95,-0.470361528152038,-1.92663004447998,2.2940760556543,3.5075976956912,6.11742711633896
1.98,-0.461300809515114,-1.93411217862078,2.96354456538607,4.27578127008223,6.85883140126046
2.01,-0.455444560939176,-1.94040678335715,3.44137469839083,5.11514609185782,7.52107951871799
2.04,-0.453646938264841,-1.94566729924918,3.74457263615346,6.01616803939373,8.09813292756134
2.07,-0.448633575927882,-1.94982672847223,3.91553776812614,6.96839851650358,8.58454664475274
2.1,-0.44036928570046,-1.95275720433026,4.00331974501538,7.96071469321501,8.97535365790151
2.13,-0.433996826188788,-1.95426532016406,4.0529639320619,8.98192009565919,9.26687535933437
2.16,-0.438017388069894,-1.95428365582677,4.10086974121905,10.0207587437452,9.45674425568183
2.19,-0.450831768985133,-1.95312067162608,4.18377433203509,11.0659151511603,9.54390396787824
2.22,-0.45791877063189,-1.95125154420988,4.33345625738573,12.1060143253692,9.52860923116176
2.25,-0.45311584598836,-1.948870481684,4.58195660802903,13.129645345439,9.41241786610201
2.28,-0.448412722587635,-1.94585717158159,4.94872003289035,14.1267333146446,9.19744939042094
2.31,-0.450379031724059,-1.94221131758332,5.43850167310465,15.086443878117,8.88653574194556
2.34,-0.459060971432644,-1.93803460596705,6.04901545391476,15.9978766627729,8.4836769790542
2.37,-0.465366210433403,-1.93319512824247,6.76896285476584,16.8511856936719,7.99381947497873
2.4,-0.472338103477402,-1.92754171196065,7.57084969432401,17.6375793940162,7.42285591780477
2.43,-0.480492699171872,-1.9210597512793,8.41969418302344,18.349320585152,6.77762531047108
2.46,-0.492439681589011,-1.91363744817523,9.27926290646902,18.9797264865676,6.06591297077041
2.49,-0.504428795452775,-1.90500584566376,10.117664605358,19.5231653434842,5.29626753925422
2.52,-0.51625746707776,-1.89516658659117,10.8978213555207,19.9744258098362,4.47690029936911
2.55,-0.531706370233065,-1.88448090656408,11.5722897035267,20.328527000234,3.61723299360114
2.58,-0.552380193022953,-1.87339331518472,12.0948221984372,20.5818141332463,2.72697917957317
2.61,-0.572969336933783,-1.862117922108,12.422974150311,20.7320453131994,1.81590187987471
2.64,-0.586819528605255,-1.85062514938199,12.5184871318903,20.7783915301766,0.893813582063154
2.67,-0.594817074632648,-1.83887253191562,12.3541292500212,20.7214366600183,-0.0294237613370179
2.7,-0.596305164409463,-1.8270812660893,11.9128937289366,20.5631774643225,-0.943898732834088
2.73,-0.594351689448476,-1.81585982359832,11.1890534070258,20.306640360177,-1.84011964918847
2.76,-0.591893840442462,-1.8058153717302,10.1752427182173,19.955008651711,-2.70879435739973
2.79,-0.587306582973331,-1.79734979163743,8.87013768093372,19.5125087030352,-3.54029982866553
2.82,-0.58004552378213,-1.79079729200286,7.29112367641277,18.9843506931412,-4.32581319381953
2.85,-0.564037712004127,-1.78647347168655,5.48050044005558,18.3767223775956,-5.05732835719277
2.88,-0.539597257866118,-1.78468999929631,3.50295609844358,17.6967890885392,-5.72765599661356
2.91,-0.511701083387145,-1.78541852184073,1.43476669250356,16.952693734688,-6.33042356340736
2.94,-0.484104686028195,-1.78865235214719,-0.656913639897563,16.1535519435058,-6.86007696384465
2.97,-0.45649825065934,-1.79433708862198,-2.71419211434535,15.3085904699286,-7.3118904058777
3,-0.418106400256365,-1.80226948919958,-4.68334480899269,14.426943116325,-7.68139317594448
3.03,-0.373739795537414,-1.8118688248206,-6.50830934418865,13.5181707077682,-7.96497329351225
3.06,-0.324119771462817,-1.82248005435018,-8.13878562016514,12.5920001940673,-8.16016474680663
3.09,-0.27802530518927,-1.83369747069048,-9.53748648864702,11.6583246497672,-8.26564749281146
3.12,-0.234219176646463,-1.84515494553413,-10.6770323412245,10.7272032741485,-8.28124745726882
3.15,-0.198565232153777,-1.85659754119872,-11.5510580000692,9.80886139122823,-8.20793653467908
3.18,-0.172223835241392,-1.867749238634,-12.1679705558955,8.91327300838561,-8.04771669723565
3.21,-0.152887252711344,-1.87829736165947,-12.5363890220445,8.04829039233544,-7.80282268270185
3.24,-0.139733233924743,-1.88812708620813,-12.6636702984153,7.22303558504434,-7.47647338753157
3.27,-0.123675021249032,-1.89723428173381,-12.5511298310383,6.44620405370484,-7.07276107061868
3.3,-0.103577206426902,-1.90555523796282,-12.2172497845957,5.72568155507574,-6.59657302846101
3.33,-0.082194757344848,-1.91295998708534,-11.6977391809028,5.06854413548226,-6.05359159516044
3.36,-0.0649328254695077,-1.91939500697712,-11.0310576344456,4.48105813081545,-5.45029414242242
3.39,-0.0561283380871549,-1.92492516500336,-10.2559900004431,3.96868016653314,-4.79395307955672
3.42,-0.0542597221593697,-1.9296407280311,-9.41251713159559,3.53561869908475,-4.09198160930323
3.45,-0.0514420267410345,-1.93354045991295,-8.54086490827648,3.18565892872113,-3.35207963499231
3.48,-0.0465191153362432,-1.93654949851442,-7.67612008620407,2.92231382818497,-2.58275971400037
3.51,-0.0389225923148232,-1.93847408010713,-6.84259586514568,2.74791441368471,-1.79255577845632
3.54,-0.0363608667275837,-1.93938118321088,-6.05992225038196,2.66360812359062,-0.990021389353611
3.57,-0.0380750228895723,-1.93941091787616,-5.34003180611672,2.66935881843503,-0.183729736551316
3.6,-0.0423180991889394,-1.93871410823487,-4.69043487229065,2.76394678091221,0.617726361226605
3.63,-0.0449406411018725,-1.93756987973411,-4.11624282907048,2.94500001690389,1.40577306474126
3.66,-0.0454472666048983,-1.93600589968739,-3.6180426344794,3.20990380951226,2.17247045889058
3.69,-0.0423262387601316,-1.93400223547815,-3.19268869564555,3.55545190834776,2.90949266864426
3.72,-0.0371779134613588,-1.93155115425289,-2.8301744832763,3.97745500316024,3.60886420177078
3.75,-0.0364495653564116,-1.92854240634397,-2.51492858164554,4.47088738670976,4.26332800873694
3.78,-0.0382531960220285,-1.92498071466508,-2.22983124785979,5.02988695476604,4.86634548270685
3.81,-0.0422491114943957,-1.9209301911903,-1.94584612002212,5.64775520610875,5.41209645954264
3.84,-0.0490529927517083,-1.91641007602838,-1.63518693663125,6.31695724252751,5.89547921780427
3.87,-0.0555609695840723,-1.91128520240774,-1.27109685911803,7.02982332021843,6.31214602174429
3.9,-0.0561486212140578,-1.90529508134991,-0.823530742351614,7.77887323187063,6.65811968313341
3.93,-0.0564260143369333,-1.89830878941859,-0.265091587761596,8.55510949872489,6.92990978949927
3.96,-0.0665523972348901,-1.8902810616089,0.426595987794352,9.34963243130454,7.1250213643462
3.99,-0.087215646657762,-1.88125600890708,1.25603625790719,10.1536958051491,7.24196461558408
4.02,-0.109903912056407,-1.87115707285449,2.21132645382515,10.958706860814,7.28025493552824
4.05,-0.133619129293843,-1.8598002957005,3.2732106672976,11.7562263038708,7.24041290089944
4.08000000000001,-0.157235051461773,-1.84713497012036,4.41056022509969,12.537958730057,7.12395289998274
4.11,-0.179868382748995,-1.83314434144627,5.58297053685879,13.2952775703266,6.93275063183382
4.14,-0.207881284697162,-1.81796996827574,6.74502537725576,14.0198299786239,6.66929608378721
4.17,-0.236886400502784,-1.80191569396324,7.85366428767326,14.7040238677295,6.33696089292129
4.2,-0.265471734103419,-1.78526769302491,8.86941148875191,15.3408832578434,5.93981140784739
4.23,-0.28530462758846,-1.76830727081941,9.75309509421237,15.9240482765848,5.48260868870982
4.26,-0.30562292779352,-1.75131363068672,10.470042835751,16.4477751589925,4.97080850718604
4.29,-0.324851724082963,-1.73454330117964,10.9908596568432,16.9069362475249,4.41056134648608
4.32,-0.348135015512921,-1.71829311958064,11.2885846080309,17.297214109056,3.80843601880074
4.35,-0.37113071659485,-1.70275899487064,11.3424947092782,17.6151945055046,3.17092276052848
4.38,-0.391059959449625,-1.68796656589027,11.1367491505625,17.8576436825593,2.50540077334741
4.41,-0.405443617259921,-1.67400552701561,10.6692747649007,18.0223344808387,1.81932955672636
4.44,-0.407055858609679,-1.66108488485527,9.94726363712736,18.1080985729623,1.12018756567839
4.47,-0.401475804091512,-1.64942045621028,8.98556223272952,18.1148264635507,0.415472210760891
4.5,-0.394101178725315,-1.63936111703712,7.80563347508682,18.0434674892253,-0.287300141925037
4.53,-0.389303324347629,-1.63121493091639,6.44175991894361,17.8960294713877,-0.980594414772862
4.56,-0.381408445665227,-1.62508077566434,4.93787109634158,17.6746959686862,-1.65735643865801
4.59,-0.362218680650427,-1.6210962294259,3.34295205335262,17.3822782413702,-2.31043127350784
4.62,-0.329552745646398,-1.61940278007163,1.71209949213425,17.0227669213095,-2.93266140947917
4.65,-0.296923000259209,-1.61987457483763,0.100592223580348,16.6006109560799,-3.51752295485984
4.68,-0.277103658150934,-1.62228604342629,-1.44157552936691,16.1207176089628,-4.05912563606926
4.71,-0.268789435020412,-1.62626684343353,-2.87225189621379,15.588452458946,-4.55221279765756
4.74,-0.257478643158786,-1.63131600383624,-4.15891496745858,15.0096394007226,-4.99216140230616
4.77,-0.23513952102496,-1.63705490826663,-5.28170327518976,14.3905547417536,-5.37498787211993
4.8,-0.199285319327157,-1.64319111614021,-6.22959625454055,13.7381593366969,-5.69721975314846
4.83000000000001,-0.15823286918963,-1.64954884974496,-6.99685193027782,13.0603001581457,-5.95562683832726
4.86,-0.126766189974819,-1.65605953585373,-7.58580532088987,12.3647510827686,-6.14775629663309
4.89,-0.106462930246082,-1.66256659741266,-8.00622891722645,11.6590768590012,-6.27202329457979
4.92,-0.0970187211714752,-1.66892876180561,-8.27403152676556,10.9506331070463,-6.32771099621795
4.95,-0.0945854236169201,-1.6750698276027,-8.40532006836451,10.2465663188736,-6.31497056313513
4.98,-0.09866880766204,-1.68091356977788,-8.41947468647587,9.5538138582198,-6.23482115445582
5.01,-0.107794771058205,-1.68636138354849,-8.33434542855062,8.87886640475661,-6.08895912072701
5.04,-0.111516015890205,-1.6913121947398,-8.17133066534524,8.2284988184471,-5.87922826432163
5.07,-0.104324137985352,-1.69579786826994,-7.95083318556647,7.61052588530422,-5.60834246835141
5.1,-0.0833069315648323,-1.69982294876627,-7.69261766714639,7.03192785621097,-5.27964529075713
5.13,-0.0585680297124567,-1.7032993274354,-7.42069733790721,6.49876663683482,-4.89708175924417
5.16,-0.04291551343306,-1.70624936676837,-7.15482716132804,6.01618578762769,-4.46519837128257
5.19,-0.0404169482761152,-1.70879412134706,-6.90614127087112,5.58841052382597,-3.98914309410697
5.22,-0.0455909802216834,-1.7111686003132,-6.67659047216807,5.2187521854615,-3.47464713525499
5.25,-0.0476563021184943,-1.71354227673963,-6.46345530661377,4.91023173600539,-2.92730348191818
5.28,-0.0412423344156265,-1.71585449581355,-6.26555752079654,4.66615055568025,-2.3532689638917
5.31,-0.0274909335237385,-1.71804902951288,-6.08118658237637,4.48900416196255,-1.75907854031271
5.34,-0.0176093346247026,-1.72009373575335,-5.90291114769279,4.38035120400027,-1.15127404580728
5.37,-0.0120585190725079,-1.72186689917777,-5.72129223133227,4.34081346261296,-0.536404190490446
5.4,-0.00794728354808545,-1.72324323253608,-5.52571202918854,4.37007585029168,0.0789754400337079
5.43,-0.00993874128430802,-1.72417952991929,-5.30062559199158,4.46688641119909,0.688302384672586
5.46,-0.014486356471115,-1.72477470923867,-5.02740944557483,4.62915375707454,1.28512625342718
5.49,-0.0134393668215067,-1.72499009253071,-4.68587534034719,4.85468778501424,1.86343734529874
5.52,-0.00672813096288176,-1.72456661486449,-4.25945593228028,5.1406842275734,2.41685861680497
5.55,-0.00461925639872142,-1.72329784880595,-3.73344165477964,5.48367129272471,2.93945924124838
5.58000000000001,-0.0118746946768996,-1.72095624538564,-3.09507107867397,5.87955528570224,3.42586924481573
5.61,-0.0244084299929846,-1.71758733304065,-2.33766074099353,6.32362060900119,3.87127950657796
5.64,-0.0319663094274417,-1.71344863336356,-1.46003318306659,6.81052976237845,4.27144175849058
5.67,-0.0409795080919279,-1.70843143530729,-0.471124106502892,7.33432334285188,4.62266858539307
5.7,-0.0632237835077696,-1.70224045127865,0.605669899635957,7.88899235347718,4.92184876828065
5.73,-0.0903645753179214,-1.6946283670523,1.74077778578143,8.46833281672654,5.16610841360532
5.76,-0.116061121187649,-1.68544195458271,2.90278056518169,9.06533670741965,5.35303242206429
5.79,-0.139410257549697,-1.67464504014881,4.06384709443365,9.67318723894059,5.48097115620395
5.82,-0.160120638680025,-1.66227171107651,5.19405236045723,10.2852676143448,5.54904194844025
5.85,-0.186524387772385,-1.64855410776943,6.26518005084829,10.8951610263598,5.55712910105877
5.88,-0.218609641565751,-1.63384656079828,7.25112153461444,11.4966506573845,5.5058838862148
5.91,-0.256495227931848,-1.6183784799623,8.11952392567087,12.0837014666242,5.39670239506922
5.94,-0.292984449446624,-1.60228175170056,8.83790819222789,12.6498387222278,5.23115799818771
5.97,-0.325987251858548,-1.58590675456883,9.38078488997296,13.1885336525097,5.01139372471545
6,-0.353814217468114,-1.56988149556408,9.72690298885891,13.6939540889249,4.74020494716498
6.03,-0.371278066301996,-1.55473001021461,9.86321881715379,14.160930822885,4.42089495673144
6.06,-0.383442362232386,-1.54074653325803,9.78656042650587,14.5849576057597,4.05727496329245
6.09,-0.387768377497808,-1.52807609936735,9.50390447583433,14.9621911488758,3.65366409540806
6.12,-0.387804174301283,-1.51669304155451,9.03115879408139,15.2894511235179,3.21488940032082
6.15,-0.387805585953499,-1.50659674570121,8.38760067712502,15.5640701163943,2.74591808098778
6.18,-0.387281932904296,-1.49788156418043,7.60081348040571,15.7832717296463,2.25188495078287
6.21,-0.388989522736732,-1.49060252160762,6.70097316614785,15.9447751350965,1.73847973937539
6.24,-0.391587993861232,-1.4848408003497,5.71854239077846,16.0470758739079,1.21140119359384
6.27,-0.392689988331184,-1.4805184843664,4.69167031007211,16.0894460471962,0.676353205037028
6.3,-0.387062660912684,-1.4774493831255,3.65573765266592,16.0719343160296,0.139044810074099
6.33000000000001,-0.37626774536116,-1.47544007481742,2.63526428097235,15.9953659014289,-0.394809810155501
6.36,-0.357992376012871,-1.47432443329054,1.6479178887403,15.8613598047258,-0.919506541917061
6.39,-0.334913882926435,-1.47425654716376,0.705902894051662,15.6725475155806,-1.42979328860053
6.42,-0.314680464068865,-1.47547694699854,-0.178521674147063,15.4310446540269,-1.92017669822986
6.45,-0.303551115930212,-1.47790774986822,-0.992035868144694,15.1392241096662,-2.38533283153539
6.48,-0.300024366769335,-1.48109879668891,-1.71902121147619,14.8001704603154,-2.82042485714822
6.51,-0.294420007328323,-1.48470643706615,-2.34462279461973,14.4176799720068,-3.22110305160009
6.54,-0.281100851019624,-1.48871751136563,-2.86329523734583,13.9962605989879,-3.58350479932379
6.57,-0.2604934906982,-1.49325477722322,-3.28422360097243,13.5411319837215,-3.90425459265254
6.6,-0.240515509021684,-1.49838441976106,-3.62244713645999,13.0579640778056,-4.18047883454783
6.63,-0.230171320519741,-1.50395289425527,-3.89623596258112,12.5514913571527,-4.40965798723064
6.66,-0.229216657834876,-1.50959185604071,-4.12125567324231,12.0272665620429,-4.58949140142237
6.69,-0.22238660013889,-1.51507949698627,-4.31619525955353,11.4910239403621,-4.71830915581572
6.72,-0.203074872584162,-1.52051302323945,-4.49766254624524,10.9484993801594,-4.79510678768481
6.75,-0.18123652327546,-1.52619335525456,-4.6810574705461,10.4054304096466,-4.81954529288523
6.78,-0.167854021007584,-1.53252670139984,-4.8785532555251,9.86755619719878,-4.79195112585396
6.81,-0.161543141351358,-1.53972629968356,-5.0903615878846,9.34061755135394,-4.71331619960941
6.84,-0.153815524983568,-1.54759297954109,-5.30738721505924,8.82977781712633,-4.58503808158514
6.87,-0.135818877979317,-1.55565850660541,-5.52144619354926,8.3402629402195,-4.40872691348131
6.9,-0.109243592569048,-1.56353050301734,-5.72116803692495,7.87781273273304,-4.18665149081484
6.93,-0.0862759090593901,-1.57132524783361,-5.89800519545675,7.44746085727056,-3.9215333142141
6.96,-0.0694668773188969,-1.57937770603501,-6.04948851803354,7.05352743291481,-3.61654450083789
6.99,-0.0550949578034193,-1.58758956124083,-6.17428154040544,6.69961903522778,-3.27530778437543
7.02,-0.0475798357766509,-1.5953710251708,-6.2675366056669,6.38862869625069,-2.90189651504637
7.05,-0.0445765584959799,-1.60233515415236,-6.31962947959945,6.12280876499336,-2.50075148299982
7.08000000000001,-0.0345374578988972,-1.60851986349384,-6.30903129097932,5.90467757335959,-2.07615613161483
7.11,-0.0196800174775695,-1.61418351633813,-6.21467396833599,5.7365092510064,-1.63297909693423
7.14,-0.0120710742180132,-1.61965454223178,-6.01996554743135,5.6198683605349,-1.17621356136523
7.17,-0.0131385814785481,-1.62507499880184,-5.71015480007691,5.55564603045325,-0.710852229935585
7.2,-0.0166577115631449,-1.63018290635488,-5.27121212513892,5.5440599551765,-0.241887330293177
7.23,-0.0159336561224138,-1.63455270367502,-4.69478828563974,5.58465439502666,0.225689387293876
7.26,-0.00438961311694069,-1.63795993376922,-3.98296976897499,5.67630017623261,0.686886649937114
7.29,0.00335275626914959,-1.64029960073464,-3.14795820586507,5.81752215989865,1.13691671698088
7.32,-0.00166833277225971,-1.64154310321338,-2.21715248751298,6.00651423305993,1.57113128266752
7.35,-0.0169658744203465,-1.64163100530476,-1.2180940067345,6.24045739150589,1.98474222218437
7.38,-0.0288499172061692,-1.64030783934276,-0.175835112003031,6.51622412047856,2.37338239271714
7.41,-0.0389564571923739,-1.6372511580538,0.884986794445722,6.8303953966268,2.73311745625816
7.44,-0.0513975972060391,-1.63233214669922,1.9427919519952,7.17926068800637,3.06044587960637
7.47,-0.0761671144579702,-1.62584152324546,2.97649928092744,7.55881795407977,3.35229893436719
7.5,-0.106565497363363,-1.61821647283718,3.96236520138152,7.96474270648946,3.60604347876126
7.53,-0.13852099595853,-1.60967645072119,4.87531774722614,8.39166261935805,3.81943531139901
7.56,-0.166467802502134,-1.60024303873776,5.69539056007616,8.83467964603267,3.99036520467859
7.59,-0.191072856918829,-1.59004580749681,6.40612646443133,9.2892075660094,4.11720744466426
7.62,-0.210026989472776,-1.57938074413825,6.99292805673326,9.75055120849885,4.19891179074426
7.65,-0.223347567907948,-1.56846759820252,7.44113648172968,10.2139064524266,4.23500347563084
7.68,-0.235351381620921,-1.55751993927445,7.73637462810538,10.6743602264327,4.22558320536019
7.71,-0.244423604173848,-1.54680885374819,7.8690543202297,11.1268905088716,4.17132715929248
7.74,-0.252721007754128,-1.5365916774436,7.83820524494926,11.5665678644601,4.07340657352189
7.77,-0.258515587257267,-1.52703526818897,7.65396290539792,11.9891849987131,3.93309442742711
7.8,-0.265567879304385,-1.51838689737099,7.32984037252741,12.390092346307,3.75220136035862
7.83000000000001,-0.268576554624461,-1.51087641263688,6.88536901960409,12.764978153787,3.53296251828418
7.86,-0.273147357652574,-1.50462963332293,6.34400537344593,13.1099799989661,3.27800410138333
7.89,-0.275858514523543,-1.49962334385956,5.73741449144717,13.4216847909253,2.99034336404715
7.92,-0.277759993625094,-1.49568104596218,5.09773486613938,13.6971287700137,2.67338861487864
7.95,-0.281170385192991,-1.49257025243372,4.45587824628981,13.9337950401072,2.33093443802617
7.98,-0.282971556289165,-1.49003284021535,3.84030541988985,14.1293683743019,1.96673583523571
8.01,-0.285164696166083,-1.4878831977795,3.26595354443635,14.2819602800838,1.5848722813912
8.04,-0.281775179628497,-1.48602057706417,2.73552384406635,14.3902865423146,1.18969859652962
8.07,-0.277018189323884,-1.4843417269121,2.24843812506547,14.4535546050067,0.78556547279038
8.1,-0.268249863300523,-1.48287274297437,1.80163914361744,14.4714635713231,0.376819474415043
8.13,-0.257523467359446,-1.48180065435005,1.39165811027289,14.4442042035776,-0.0321969622526517
8.16,-0.244704531561678,-1.48149801170588,1.00757914887062,14.3724589232349,-0.437145528766758
8.19,-0.230053310887852,-1.48220006515763,0.636287199219445,14.2574110895832,-0.833743523616722
8.22,-0.216484901655556,-1.48392403024948,0.266858557483354,14.100719255849,-1.21801470333639
8.25,-0.205279432452027,-1.4865678659332,-0.109886565457758,13.9042842920296,-1.5857513981264
8.28,-0.195271514550361,-1.48995190209293,-0.49818936439976,13.6703737496521,-1.93301237531463
8.31,-0.187578214752264,-1.49392285454673,-0.902116443541065,13.4016477034303,-2.25622927563183
8.34,-0.180917729258833,-1.49840456435269,-1.3298474757117,13.1011587512653,-2.55220661321157
8.37,-0.17405366154029,-1.50327512222497,-1.79460482296414,12.772352014245,-2.81812177559013
8.4,-0.170405912171127,-1.50844252521751,-2.30187780504281,12.4190651366443,-3.0515250237068
8.43,-0.160265135263754,-1.513801775979,-2.84782674346129,12.0451878391647,-3.25034908206664
8.46,-0.141721759370677,-1.51927002065378,-3.42222075529422,11.654768158767,-3.41271131763607
8.49,-0.119119078178696,-1.52499307223385,-4.00757145252032,11.2526333717949,-3.53700511000891
8.52,-0.0937432692297976,-1.53125538450762,-4.58085954732839,10.843420883714,-3.62212845077033
8.55,-0.0725904754277483,-1.53828029566326,-5.12236006496921,10.4315536884879,-3.6674874028995
8.58000000000001,-0.0621081674794728,-1.54602790721984,-5.61606947145221,10.0212403685791,-3.67299610076959
8.61,-0.0567410304220594,-1.55413107002105,-6.04772262088569,9.61647509494825,-3.63907675014779
8.64,-0.0502832372206291,-1.56219875561362,-6.40929330267309,9.22104725790451,-3.56665455117855
8.67,-0.0376267727058307,-1.56989466472099,-6.6953297010641,8.83922921449167,-3.45681158928508
8.7,-0.0207493797356829,-1.57699992681513,-6.90203546501303,8.47535867335768,-3.31093858899466
8.73,-0.00962141749038235,-1.58339276483359,-7.01903992471683,8.13320935624035,-3.13088214590041
8.76,-0.00335021410889022,-1.58893327665094,-7.02983469973358,7.81617173617695,-2.91882499729718
8.79,0.000390803962272001,-1.59354830874717,-6.91975882084067,7.52725303750394,-2.67728602218141
8.82,-0.00034799488211571,-1.59712916823246,-6.67920667505293,7.26907723585736,-2.40912024125144
8.85,-0.00551326850504723,-1.59968885489763,-6.30399492102872,7.04388505817258,-2.11751881690724
8.88,-0.0171989608986893,-1.60146004413271,-5.79186040928696,6.85339775252409,-1.80581514883988
8.91,-0.0260091931118381,-1.60255353774747,-5.15159900256943,6.69928859017884,-1.47737711129433
8.94,-0.0310692898747021,-1.60302186243774,-4.39681312209197,6.58335494616875,-1.13598493083666
8.97,-0.0314767521491713,-1.60288803925084,-3.54724501249125,6.50679109268953,-0.785432150320288
9,-0.0324038554546571,-1.60193803593984,-2.6331079073312,6.47017404781534,-0.429514500458464
9.03,-0.0348223701670537,-1.59994811657762,-1.69363083067273,6.47346357549891,-0.0720298998247648
9.06,-0.045381591311302,-1.59671782589289,-0.764881842818961,6.51600218557149,0.283221545147214
9.09,-0.0673314357639941,-1.59220063900406,0.129704896759428,6.59650802693446,0.632442429192685
9.12,-0.0979389182700132,-1.58645230544519,0.975272232112904,6.71290901122915,0.972130955419611
9.15,-0.125954372537995,-1.57963026831191,1.75870612609907,6.86371076833165,1.29867777347931
9.18,-0.148678173545957,-1.57210903494861,2.46513409160752,7.04743199250838,1.60855154212202
9.21,-0.163239673239857,-1.56420097663698,3.0801212898978,7.26214179969607,1.89854034973456
9.24,-0.176305011216584,-1.55604377865372,3.59322414101766,7.50545972750182,2.16575171434025
9.27,-0.186350198389088,-1.54768838887976,4.0043333736732,7.77455573520303,2.40761258359893
9.3,-0.1920827225254,-1.53924044149412,4.32103807231571,8.06615020374742,2.62186933480691
9.33000000000001,-0.196332620765614,-1.53088037125204,4.55215511910807,8.37668984420393,2.80659775946501
9.36,-0.20390617760399,-1.52276151244916,4.7058405619676,8.70309489763067,2.9601075621681
9.39,-0.214423854509375,-1.51504074502153,4.79178588316408,9.04149249035768,3.08085479136088
9.42,-0.228808562522891,-1.50781912117657,4.81951355075479,9.38791572261138,3.16771632055265
9.45,-0.245391758647348,-1.5009804661106,4.79532258373434,9.7384442871819,3.2200130849089
9.48,-0.260383870591251,-1.49437958272566,4.72607550989681,10.089204469423,3.23751008125127
9.51,-0.274107509808958,-1.48798653500743,4.62110129955973,10.4363691472521,3.22041636805755
9.54,-0.282149496117063,-1.48178585043633,4.48702261944422,10.7761577911504,3.16938506546164
9.57,-0.286268343649148,-1.47572909763825,4.33125738391168,11.105293791924,3.08534846466145
9.6,-0.285478876078396,-1.46967467969126,4.16479025813455,11.4206091337363,2.96935609743044
9.63,-0.284915302687933,-1.46360915587876,3.99900701215984,11.718390403216,2.82289411439554
9.66,-0.288340528639727,-1.4576344431948,3.83972059033099,11.9953191407685,2.64775130664691
9.69,-0.296570470571491,-1.45194264506292,3.68697061880423,12.2484814367367,2.44601685344521
9.72,-0.310819058189773,-1.4469523786651,3.53878602675982,12.4753679314016,2.22008032222145
9.75,-0.319757463802766,-1.44305510887618,3.39208331166834,12.6738738149819,1.97263166857723
9.78,-0.32170319319051,-1.44044878586317,3.24064680724497,12.8422863768157,1.70662110729485
9.81,-0.31177984441666,-1.43901808722613,3.07588486483371,12.9790889336773,1.42489659659062
9.84,-0.296560267611509,-1.43843999243426,2.88470130101172,13.0830430153094,1.13067009571421
9.87,-0.284857098457052,-1.43839278623421,2.65076945681715,13.1532668632503,0.827253932190919
9.9,-0.280809387024868,-1.43867729317,2.35817455477864,13.189221192829,0.517958856978475
9.93,-0.28353072469722,-1.43928587124535,1.99631149228845,13.1907091931642,0.20609404446706
9.96,-0.287632906896832,-1.44028103477547,1.56301455615236,13.1578765271649,-0.105032907520675
9.99,-0.281601278785974,-1.44172366012847,1.06709444989777,13.0912113315302,-0.412115977729606
10.02,-0.270111528783036,-1.44370355401173,0.519349931113078,12.9917067293379,-0.711956129729532
10.05,-0.255916667851157,-1.44627804006894,-0.0755404923577463,12.860953132472,-1.00149196321308
10.08,-0.241544877597179,-1.44950129999705,-0.715842440614816,12.7004546767353,-1.27753633993611
10.11,-0.230029725642049,-1.45353242994371,-1.39078306878976,12.5120244770983,-1.53716969394917
10.14,-0.218454589307454,-1.45856647405062,-2.08004251399768,12.297808181726,-1.77775787037503
10.17,-0.203420218778168,-1.46466325925535,-2.76045618405903,12.0602839719781,-1.99695212540862
10.2,-0.185651551261425,-1.47171700107261,-3.41097806436285,11.8022625624086,-2.19268912631721
10.23,-0.164236701316356,-1.47944463584242,-4.01202882248466,11.5268880403005,-2.36319133976025
10.26,-0.140776208697373,-1.48759281996794,-4.54888815389142,11.237618240529,-2.5069710113004
10.29,-0.118819774620355,-1.49591895259602,-5.01134000403379,10.9375667473526,-2.62263759599586
10.32,-0.0999593968469077,-1.50403556355676,-5.39033140331181,10.629705224089,-2.70908280900988
10.35,-0.0918908166463109,-1.51159763715726,-5.67297804272677,10.3170600293791,-2.765577801986
10.38,-0.0920588756174511,-1.51834564464193,-5.84556425773967,10.0027122171866,-2.79177316304809
10.41,-0.0974105571511619,-1.52413030227859,-5.90418271557175,9.68979753679853,-2.78769891680033
10.44,-0.104239512330662,-1.52891739382929,-5.85575506251583,9.38150643282487,-2.75376452432719
10.47,-0.109624521252055,-1.53272612525712,-5.70850427521972,9.08099675522002,-2.69072589576908
10.5,-0.11078172944569,-1.53574460617077,-5.46731094862241,8.79110546265943,-2.59941000992995
10.53,-0.103655881541981,-1.5383134200231,-5.131174624521,8.51528988785335,-2.48098809229323
10.56,-0.0926439475466104,-1.54073858440375,-4.69890688673749,8.2567303591433,-2.33692965137488
10.59,-0.0831185480414119,-1.54322194880555,-4.18054812878759,8.01816320851001,-2.16896491151795
10.62,-0.0822939078550755,-1.54580346278163,-3.59510275963014,7.80188077157377,-1.97908481289272
10.65,-0.0857843863468174,-1.54839106970045,-2.96067051019888,7.60973138759417,-1.76954101149661
10.68,-0.0928270616716182,-1.55079536844528,-2.29588185647842,7.44311944104199,-1.54284569238022
10.71,-0.0984280962513403,-1.55262055398346,-1.6207799741221,7.30323899236737,-1.30150921403109
10.74,-0.101865887962864,-1.55361513258774,-0.955000866997087,7.19151901072606,-1.04819331795692
10.77,-0.100838724539571,-1.55371825156009,-0.316320675775437,7.10908462670104,-0.78579296870123
10.8,-0.0999147901917713,-1.55299858551168,0.278886841144309,7.05665072691416,-0.51720195861069
10.83,-0.102278519397946,-1.55153206389666,0.818575119309206,7.03452195402615,-0.245312907834841
10.86,-0.11063665362821,-1.54920888966689,1.29706656567968,7.04259270673666,0.0269827356735051
10.89,-0.124327260037891,-1.54598381622952,1.71431458835213,7.08034713978423,0.296794696158518
10.92,-0.141782634833752,-1.54192423120413,2.07569288320141,7.14687020100792,0.561259869786399
10.95,-0.162450468401727,-1.53714631422941,2.3846380319505,7.24100202009583,0.817728030640031
10.98,-0.183548917122576,-1.53185940075015,2.64263382895097,7.36132923068665,1.06341326113813
11.01,-0.200742458705151,-1.52625918059605,2.85297698271481,7.50624967049277,1.29569074437572
11.04,-0.213735233251874,-1.52054173601736,3.01936124161115,7.67399700684861,1.51218003634345
11.07,-0.221397641731064,-1.51492050301609,3.14646741906728,7.86264073671061,1.71074506592765
11.1,-0.222764116929662,-1.5094947440232,3.24252821045114,8.07008618665722,1.88949413491029
11.13,-0.224692224548575,-1.50426863796669,3.31839815930669,8.29407451288889,2.04677991796901
11.16,-0.229622534021231,-1.49929941724623,3.3813735582832,8.53211778111606,2.18120855430959
11.19,-0.240271441997903,-1.49460457493454,3.43603836092527,8.78136678836071,2.29150551631181
11.22,-0.249834477290931,-1.49013504779157,3.485608969343,9.03894508869525,2.37656565580893
11.25,-0.255544272252479,-1.48582281019178,3.53237168685996,9.30198131553026,2.4356187798293
11.28,-0.253796790443161,-1.48163815325982,3.57933476968285,9.56760685030212,2.46823254698999
11.31,-0.251405380763335,-1.47751643811884,3.62841671003768,9.83295582247298,2.47431246749682
11.34,-0.253243057426299,-1.47332287874306,3.67918670631137,10.095165109531,2.45410190314435
11.37,-0.263750561802358,-1.46890173137223,3.72586272137799,10.35137129944,2.40818069974735
11.4,-0.279070041243697,-1.46415483310393,3.75513799482573,10.5984266587198,2.33726524899874
11.43,-0.29170210562841,-1.4592145725937,3.75127403471086,10.8335347393278,2.24226009031366
11.46,-0.300383028769684,-1.4543920433809,3.7074088345496,11.0543327751324,2.12437492496662
11.49,-0.302083416814052,-1.45002929064565,3.6234481690945,11.2586339391733,1.98504348830468
11.52,-0.30574485809763,-1.44638339458021,3.49299394916141,11.444427343661,1.82592354974746
11.55,-0.308904718884702,-1.44336085839411,3.30244578902,11.6098780399766,1.64889691278718
11.58,-0.312513748853943,-1.4406509801017,3.03949912101044,11.7533270186727,1.45606941498851
11.61,-0.315763935309662,-1.43828665313179,2.69605453418225,11.8733659358839,1.24968045462149
11.64,-0.314697174375949,-1.43657493193442,2.26773401448161,11.9689332558445,1.03194887911309
11.67,-0.309581872808055,-1.43577071357415,1.76208833385809,12.0390468185866,0.805388266440758
11.7,-0.304326220311086,-1.43592102548856,1.19582643947481,12.083063747114,0.572528973358649
11.73,-0.299499285342626,-1.43674402196467,0.585688467455623,12.100698612929,0.33589746954964
11.76,-0.293839488998935,-1.4379218604875,-0.0531979536673638,12.0920234360314,0.0980163376256802
11.79,-0.285141166159052,-1.4394607395831,-0.703991674431468,12.0574676849194,-0.138595726872432
11.82,-0.270504174256948,-1.4415236635438,-1.34883455568881,11.9978182765889,-0.371423915474995
11.85,-0.256629744923493,-1.44427293518418,-1.97112922607255,11.9138251604314,-0.598107753553316
11.88,-0.249448813378288,-1.44789387122363,-2.55548421310222,11.8062822222658,-0.816269064165372
11.91,-0.245002815358136,-1.45219789718333,-3.08919339875729,11.6764746981435,-1.02352260006093
11.94,-0.238340652663451,-1.45659110418262,-3.56915206674855,11.5258811610914,-1.21770088221459
11.97,-0.231244853067509,-1.46068365308323,-3.99831722620391,11.3561734899774,-1.39685421611301
12,-0.223024329155881,-1.46455901236641,-4.37340892067569,11.1692168695103,-1.55925069175512
12.03,-0.212732469094151,-1.4685609658568,-4.68401966410247,10.9670697902402,-1.70337618365203
12.06,-0.201054014353351,-1.47300183327145,-4.92131831890464,10.7519926597477,-1.8279373350066
12.09,-0.190205921535538,-1.47784100337908,-5.08091231652147,10.5264648764257,-1.93181536052155
12.12,-0.186460636178869,-1.48270437086591,-5.15600241295586,10.2928978526954,-2.01397140416544
12.15,-0.186735969766256,-1.48729623744535,-5.14108815318104,10.0537185500759,-2.07363174326199
12.18,-0.18170145547904,-1.49147378731209,-5.0423476897773,9.81140539190958,-2.1103159700455
12.21,-0.172330219658913,-1.49536672640999,-4.87162333566473,9.5684882633618,-2.12383699166082
12.24,-0.164748028197686,-1.49925629401918,-4.63423327050666,9.3275485114211,-2.11430103016335
12.27,-0.158253900909709,-1.50326104101168,-4.33306099116226,9.09121894489919,-2.08210762251907
12.3,-0.158601600171106,-1.507345645657,-3.97478991372558,8.86185576900699,-2.02787925037651
12.33,-0.161971498488897,-1.51135164824132,-3.57184056099104,8.6413705404166,-1.95229730314914
12.36,-0.160773642730281,-1.51500765134349,-3.14019546570856,8.43234970895278,-1.85633494817847
12.39,-0.150988647417319,-1.51823255037138,-2.69554264413832,8.23710224383629,-1.7411701400248
12.42,-0.140046235555516,-1.52122996055286,-2.25034482494265,8.05761049781477,-1.608178161064
12.45,-0.137213491611258,-1.52404637056403,-1.81109826129469,7.89553020716277,-1.4589316214875
12.48,-0.143927834465313,-1.52638072816625,-1.38459556387636,7.75219049168161,-1.29520045930217
12.51,-0.149230362976264,-1.52792412691771,-0.979935629890613,7.62859589417112,-1.11894081297497
12.54,-0.150078773575126,-1.52848396297187,-0.603675369946601,7.5257230008841,-0.932049220871595
12.57,-0.143444310133543,-1.52803999854701,-0.257427786101816,7.44478790322024,-0.736641230827023
12.6,-0.138812518394571,-1.52679507770609,0.0639353770223176,7.38665743154591,-0.534935220022068
12.63,-0.14128319627215,-1.52511888530843,0.369290566352604,7.3517703258949,-0.329144397326884
12.66,-0.157094683557617,-1.5234491774169,0.667675019289536,7.34013723596834,-0.121476803301016
12.69,-0.176013662236987,-1.52199441143321,0.963495154339509,7.35134072113474,0.0858646898068032
12.72,-0.190285656268745,-1.52073928623948,1.25249714298931,7.38453525042999,0.290682378058352
12.75,-0.195174840599121,-1.51957441079888,1.53067495283933,7.43866056870703,0.490826165742821
12.78,-0.190087666003428,-1.51836573870902,1.80109015140196,7.51368125905549,0.684303199333518
12.81,-0.186209443531118,-1.51702988829993,2.07173946785291,7.60895557461642,0.868984162706627
12.84,-0.186415018569022,-1.51540389671143,2.34812826435488,7.7233470177716,1.0428946661112
12.87,-0.198182661830363,-1.51317581347236,2.62865914893981,7.85534573485762,1.20425575583628
12.9,-0.218202117889984,-1.50998867198213,2.90563651148161,8.00306851616589,1.35148391421109
12.93,-0.245668662098249,-1.50563169685367,3.16994903244179,8.16425879594267,1.48319105960495
12.96,-0.271354210493804,-1.50014995487524,3.4143276516854,8.33628665238904,1.59818454642732
12.99,-0.288288819120509,-1.49370717676895,3.63692526382161,8.51738115830103,1.69547928038895
13.02,-0.295220004556802,-1.48661231075958,3.83667889440973,8.70623671821221,1.77415227329128
13.05,-0.297554965012366,-1.47919218522937,4.00460801559192,8.90054646189119,1.83343682638317
13.08,-0.304144863813861,-1.47159930554245,4.12298302082718,9.09805941316704,1.87282298245549
13.11,-0.316122961131569,-1.46404017641066,4.17818300874629,9.29658097059447,1.89205754791383
13.14,-0.328971024164652,-1.45673457867358,4.16887799688016,9.49397290745381,1.89114409277853
13.17,-0.34047121034559,-1.44988682565845,4.10085989343992,9.688153371751,1.8703429506846
13.2,-0.352626030484829,-1.44381934223943,3.97448218014264,9.87707868831953,1.83015897952015
13.23,-0.364374501949035,-1.43871583597593,3.7849194848178,10.0585144112586,1.77114829582304
13.26,-0.372291376336237,-1.43460733948282,3.52712646510119,10.2304513241438,1.69407121867427
13.29,-0.370871941712814,-1.43143389485583,3.20562388580797,10.3911351642868,1.59989333484156
13.32,-0.359315461186543,-1.42926832937772,2.82703139128733,10.5390049170898,1.48974710940167
13.35,-0.34220899999397,-1.42820049114876,2.39653814924204,10.6726928160463,1.36493188574041
13.38,-0.328755401912766,-1.42808506919112,1.9190494016701,10.79102434274,1.22691388555266
13.41,-0.32205382252281,-1.42880985485492,1.40237095876861,10.893018226846,1.07732620884238
13.44,-0.318894569851253,-1.43016975220939,0.859315358944864,10.9774823262072,0.917823530427658
13.47,-0.316971278451798,-1.43195388056198,0.300558685667646,11.0431969621419,0.750164365782494
13.5,-0.314519521011183,-1.43398485883335,-0.265430227783671,11.0894856261597,0.576270035099765
13.53,-0.312989713391059,-1.43613504508655,-0.824972991938379,11.1159158537591,0.398061576124138
13.56,-0.312366457001803,-1.43846300110762,-1.36009910750625,11.1222991982817,0.217459733308802
13.59,-0.305061461757884,-1.44093133035918,-1.85913725916233,11.1086912309128,0.0363849578153008
13.62,-0.292667424452069,-1.44363012048514,-2.32150601620005,11.0753915406808,-0.143242592486213
13.65,-0.279447792851179,-1.44661975074784,-2.74433648461103,11.0229432522804,-0.319517586664245
13.68,-0.268689762487165,-1.44985128569476,-3.11741486652718,10.9520854050016,-0.490676775257878
13.71,-0.259603175640523,-1.45316847508117,-3.43169986038945,10.8636659235202,-0.654859555364463
13.74,-0.250351959623608,-1.45657744716878,-3.68759390652478,10.7586622410044,-0.810302955560986
13.77,-0.247229971205317,-1.4600760224469,-3.89044420918783,10.6381857672205,-0.95540561868402
13.8,-0.246641441477618,-1.46349410969995,-4.04334813650348,10.5034818885327,-1.08872780182986
13.83,-0.248654869080868,-1.46670334665217,-4.14468072897493,10.3559299679037,-1.20899137635431
13.86,-0.251125317245473,-1.4698018207017,-4.19320055894182,10.197043344894,-1.31507982787285
13.89,-0.252584927810073,-1.47294473257346,-4.19179883406263,10.0284854079948,-1.40604243059078
13.92,-0.25393629075772,-1.47607824861838,-4.14647461678053,9.85210836562405,-1.48102129507673
13.95,-0.254298755017383,-1.47920097945562,-4.06252675712624,9.66982513380947,-1.53926106110795
13.98,-0.252840171918879,-1.4823702935042,-3.94114598615931,9.48359861919009,-1.5802279379473
14.01,-0.242377164234886,-1.4857883784779,-3.78371646678607,9.29544392678275,-1.60361412124788
14.04,-0.225593263481029,-1.48954665831403,-3.59300890311422,9.10742835998189,-1.60933779305312
14.07,-0.207176479381035,-1.49352248701265,-3.37060672335571,8.92167142055968,-1.59754312179672
14.1,-0.192741311998202,-1.49753275380034,-3.11641551077972,8.74034440432951,-1.56860015195393
14.13,-0.187613951748246,-1.50117583107014,-2.8312940441531,8.56525962088909,-1.52299517524354
14.16,-0.189747207860579,-1.50424480710905,-2.51581116541638,8.39784354528138,-1.46131678574834
14.19,-0.193713872590833,-1.50658623800677,-2.17119993730314,8.23959287337104,-1.38435107669018
14.22,-0.195920283561395,-1.50826265035254,-1.79995383241143,8.09190645166141,-1.29303067783025
14.25,-0.19820430010802,-1.50942735528488,-1.40748647215461,7.95608527729431,-1.18843475546902
14.28,-0.205598653765275,-1.51026332746337,-1.0039056102215,7.8333324980501,-1.07178901244621
14.31,-0.220953840275871,-1.51084809701966,-0.602397398383301,7.72475341234767,-0.944465688140869
14.34,-0.234249630641278,-1.51116463880513,-0.212870387480915,7.63130484188722,-0.807961316227221
14.37,-0.241064972086211,-1.51130505609338,0.159896542818323,7.55354462612007,-0.6637192592182
14.4,-0.240059973331402,-1.51137196212432,0.516448880315762,7.49240344277253,-0.513384316875082
14.43,-0.236329120568646,-1.51151974569358,0.858880688641577,7.44863572984298,-0.358650070635974
14.46,-0.228654707462593,-1.51168369645114,1.18777338957758,7.42267680701922,-0.201206953067387
14.49,-0.22455285425171,-1.51152179443329,1.50615390765216,7.41464287567848,-0.042742247864243
14.52,-0.224160989286326,-1.51076643546019,1.81877694265774,7.42433101888744,0.115059910150097
14.55,-0.228156196993359,-1.50934973979905,2.13181174657844,7.45121920140219,0.270518535023973
14.58,-0.235873768090731,-1.50735657005299,2.45135509225175,7.49448664551244,0.421992070058726
14.61,-0.240710594736201,-1.50495070984512,2.77645290327677,7.55339530966024,0.567963866124776
14.64,-0.247778610457885,-1.50223464970774,3.09760893994208,7.62729924657459,0.70683775018788
14.67,-0.25158492662563,-1.49928314443792,3.39991694354898,7.71532843462315,0.83714135506276
14.7,-0.257801875832257,-1.49605382935079,3.67217510223498,7.81637692078875,0.957550536731798
14.73,-0.266307202462665,-1.49248412945406,3.90752515320802,7.92910282066944,1.06688937434515
14.76,-0.282787401331789,-1.48869337868436,4.10340299417949,8.05192831847839,1.16413017022058
14.79,-0.305259609609078,-1.48475816204314,4.26058024696098,8.18303946677163,1.24839358276775
14.82,-0.328434733058333,-1.48052652313104,4.3737138437524,8.32046194899333,1.31896423069631
14.85,-0.348972749909257,-1.47565748113016,4.43508360500159,8.4625777084615,1.37518332214263
14.88,-0.358708656936326,-1.46986644525988,4.4446537123543,8.60789773344402,1.41652458755507
14.91,-0.366089415909112,-1.46324624043022,4.40417840045274,8.75491413159817,1.44265419176504
14.94,-0.376054194195958,-1.45638720870934,4.30794741195165,8.90210012997078,1.45343073398701
14.97,-0.390839787892289,-1.45004232944554,4.14647399583657,9.04791007499804,1.44890524781848
15,-0.407649013735595,-1.44453662665818,3.91148364991899,9.19077943250559,1.42932120123999
15.03,-0.415671126826524,-1.43979277976257,3.60085909265094,9.32908691717841,1.39510427566651
15.06,-0.407818853115381,-1.43574723000369,3.22209455269174,9.46113758105827,1.34671701918006
15.09,-0.38827099877486,-1.43247755359819,2.79346643898286,9.58609332162647,1.28476040956511
15.12,-0.363429835145722,-1.4302364182632,2.3353031578725,9.70310633432138,1.20998450296253
15.15,-0.339925284851392,-1.42924284409101,1.8655245519413,9.81112490960394,1.12326622260957
15.18,-0.331301978643726,-1.42938738494689,1.39393253826066,9.90889343295771,1.02560935883993
15.21,-0.337490115023222,-1.43022665198828,0.924678394241036,9.99495238488882,0.918144569083707
15.24,-0.347456514711672,-1.43117103265853,0.460613171850795,10.0676427678125,0.802127546736368
15.27,-0.3536700995919,-1.43206305990194,0.00967766109230236,10.1257759863462,0.678833553548184
15.3,-0.350197113763446,-1.43344784484616,-0.422496209185287,10.1691802945647,0.549669673795683
15.33,-0.33945594437033,-1.43602966845691,-0.836173129090803,10.1977898622886,0.41611160902234
15.36,-0.329511120773982,-1.44019611435026,-1.23845788352491,10.2115923893442,0.279626799698519
15.39,-0.319956052905987,-1.44585296758072,-1.63234527421933,10.210629105564,0.141674425221504
15.42,-0.301447540203,-1.45244397140175,-2.00763464652976,10.1949947707865,0.00370540391549545
15.45,-0.274506987683252,-1.45935640411326,-2.34838294010504,10.164837674856,-0.132837606968357
15.48,-0.242996461869962,-1.46647107380637,-2.64465050619262,10.1204149734886,-0.266526816587284
15.51,-0.221774088963141,-1.47412986747445,-2.89330439690701,10.0629188336574,-0.396040376236445
15.54,-0.213346320399154,-1.48255041316639,-3.09162802663475,9.99281804007203,-0.51999037309321
15.57,-0.204169937537226,-1.49156363275521,-3.23786306382895,9.91046426881857,-0.637055052588815
15.6,-0.188998343947926,-1.5007749042761,-3.33139478944598,9.81653219238266,-0.746037541683473
15.63,-0.168079012384822,-1.50981587343016,-3.37060576665109,9.71201947964955,-0.845865848866374
15.66,-0.146491352526916,-1.5185130216138,-3.36025575474103,9.59824679590413,-0.935592864155662
15.69,-0.131820413792789,-1.52684781806119,-3.3064877459604,9.4768578028308,-1.01439635909852
15.72,-0.122422221792935,-1.53480315986744,-3.21594991682094,9.34957118989464,-1.08158942687879
15.75,-0.114191949386118,-1.54214207755556,-3.09700175332616,9.21709181907894,-1.13658576486071
15.78,-0.113346408603855,-1.54840061220154,-2.95548680990554,9.08051297202406,-1.17883729590296
15.81,-0.120827097556488,-1.55333914086266,-2.78884684570133,8.94110052890885,-1.20795653001281
15.84,-0.127900302116129,-1.55710213897445,-2.59532622963965,8.80021347503924,-1.22372546750595
15.87,-0.130017110901908,-1.56001105106228,-2.38049790217778,8.65930390084834,-1.22609559900646
15.9,-0.128866931058395,-1.56243991742755,-2.15188533813273,8.51991700189644,-1.21518790544683
15.93,-0.123597342769225,-1.56465054590612,-1.91212554141747,8.38369107887091,-1.19129285806793
15.96,-0.116288652342082,-1.56674747796862,-1.66029882804905,8.25212361305513,-1.15479640345956
15.99,-0.111388321958611,-1.56870198742224,-1.39518454557873,8.12653251902549,-1.10615653455372
16.02,-0.107588486058435,-1.57033221238354,-1.11579749521855,8.00826010727426,-1.04599572443536
16.05,-0.107468744334739,-1.57152762232054,-0.825076605022871,7.89845083822824,-0.975045436832425
16.08,-0.111620545572931,-1.57231167861224,-0.524625478128157,7.798050946084,-0.894146016638371
16.11,-0.119897540183589,-1.57270085544814,-0.215068922215249,7.70780843880785,-0.804246689912122
16.14,-0.133941419006348,-1.57277504094133,0.102295429178833,7.6282730981358,-0.706405563878069
16.17,-0.147194674859651,-1.57263761977008,0.430159816341006,7.55979691646634,-0.60174569477315
16.2,-0.152771964651863,-1.57230921998351,0.772124754547696,7.50309559172856,-0.491369925504863
16.23,-0.148218900698979,-1.57163714636522,1.12743325501712,7.45922401803485,-0.376551978268734
16.26,-0.138811411972664,-1.57028010171546,1.48993948777706,7.42884618645353,-0.258576991148786
16.29,-0.139847963789235,-1.56793428632675,1.84945842127659,7.41220522102985,-0.13872667419484
16.32,-0.152090231273467,-1.56442171802927,2.19684488507269,7.40912337878596,-0.0182793094225467
16.35,-0.173004860445644,-1.55969886297716,2.52698259090853,7.41900204972096,0.101490249186618
16.38,-0.196547496929507,-1.55401485927854,2.836857198701,7.44082175681083,0.219310575685325
16.41,-0.215297299969779,-1.54774721503657,3.12014034800937,7.47402828842824,0.333997787123027
16.44,-0.229300442257952,-1.54123011426267,3.36779775434413,7.51876243639939,0.44437855996702
16.47,-0.236316032061021,-1.53470871353771,3.57105969906682,7.57447753504273,0.549256685891879
16.5,-0.241344248262911,-1.52844220761987,3.72241873617247,7.64051436735904,0.647543266884296
16.53,-0.245899503804492,-1.522717129158,3.81633249791956,7.71610236193141,0.73825688077111
16.56,-0.254218231140269,-1.5176043212175,3.84905042722509,7.8003595929252,0.820523581219292
16.59,-0.259695817318226,-1.5129102999325,3.81605475293048,7.89229278008818,0.89357689773602
16.62,-0.262925422242817,-1.50830273688407,3.71453727878902,7.99081488489286,0.956760299566779
16.65,-0.269086598697462,-1.50345132523048,3.5446752706757,8.09476633330319,1.00949481450233
16.68,-0.278508708386022,-1.49825262344804,3.3097925744665,8.20277622180344,1.051251141019
16.71,-0.288380647446739,-1.49273314063179,3.0197641473093,8.31347288032496,1.08164126647394
16.74,-0.297749309482532,-1.48706282381753,2.68815013334589,8.42551129797947,1.1004268591199
16.77,-0.306388285078953,-1.48159497108906,2.32631689915527,8.53757312305899,1.10751926810522
16.8,-0.314351949458942,-1.47649231790197,1.93349303681285,8.648366663036,1.10297952347383
16.83,-0.321158414267028,-1.47169456339911,1.50647896237795,8.75662688456324,1.08701833616524
16.86,-0.325101063788096,-1.46723170080392,1.04761489730794,8.86110513760925,1.05995254721573
16.89,-0.323014615113523,-1.46322780290171,0.565207382531379,8.96088031582971,1.02212639352049
16.92,-0.314911171919201,-1.46013519186574,0.0740092032554691,9.05525340087333,0.97401639151935
16.95,-0.299408880138977,-1.45852306773425,-0.408950056561704,9.14344713208613,0.916200073454845
16.98,-0.279578197465778,-1.45854654576984,-0.868167547210328,9.22460222384746,0.849354575429262
17.01,-0.265111249704716,-1.46008449104188,-1.29543462603991,9.29777736556991,0.774256637404708
17.04,-0.263308159046132,-1.46289436925322,-1.68417086019955,9.36194922169938,0.69178260320306
17.07,-0.265418631264862,-1.46652668864337,-2.02559642912529,9.4160385797757,0.602902317647821
17.1,-0.261078264041809,-1.47059575643319,-2.31334529784543,9.45957767776541,0.50857371288591
17.13,-0.244793498825244,-1.4749884440595,-2.54581086764067,9.49235857989225,0.409864079903626
17.16,-0.224889136067893,-1.47953471410323,-2.72663249330673,9.51412779839708,0.307883838379684
17.19,-0.213067702781418,-1.48391856868344,-2.86440811322026,9.52469007828168,0.203743351142495
17.22,-0.21005831747753,-1.48790356419347,-2.97112092858837,9.52390839730879,0.0985529241700779
17.25,-0.212957021068293,-1.49137189690433,-3.05647266482891,9.5117039660021,-0.00657719340992469
17.28,-0.214465363439752,-1.49445116406294,-3.12134413181048,9.48805622764624,-0.11053680932024
17.31,-0.210863950217481,-1.4976725904304,-3.15983120384204,9.45306972905453,-0.212231202839149
17.34,-0.203102386770559,-1.50151941653618,-3.17201028071345,9.40740233588184,-0.310631392389564
17.37,-0.199396130128463,-1.50603140194753,-3.16356104110724,9.35168968915952,-0.404659249443701
17.4,-0.190721394493568,-1.51109255801696,-3.14194878901313,9.28661593021855,-0.493314922808873
17.43,-0.172840417425577,-1.51663615215065,-3.11182915026358,9.21296747098537,-0.575696664915656
17.46,-0.150778577255896,-1.52265058490968,-3.07339116429249,9.13163299398185,-0.651000831817894
17.49,-0.134996161503094,-1.52915907758348,-3.0259525648672,9.04360345232534,-0.718521883192694
17.52,-0.126546136848857,-1.53596230331668,-2.96362327632243,8.94997206972865,-0.77765238234042
17.55,-0.116816829013246,-1.54266480575206,-2.87726468046348,8.85168282681436,-0.827885863602167
17.58,-0.102181774802811,-1.5489281538048,-2.7544752301539,8.74950275033946,-0.868760551349787
17.61,-0.0858091897608413,-1.55444676383728,-2.58160803602746,8.64466781118286,-0.899879075276689
17.64,-0.0762821479584566,-1.55899082383255,-2.35168990731286,8.53832954761607,-0.920971423712325
17.67,-0.0751599650860638,-1.56253410457923,-2.06683897127185,8.43153834016122,-0.931895944576406
17.7,-0.0802368042732804,-1.56497226999087,-1.73487336071904,8.32524341159103,-0.932639345378908
17.73,-0.0890804912398483,-1.56599108287049,-1.36775349164645,8.22029282692876,-0.923316693220065
17.76,-0.103650827129339,-1.56547583288194,-0.978979864747127,8.11743594154249,-0.904170126357729
17.79,-0.11992949310007,-1.56365179832935,-0.578968371832149,8.01753885708154,-0.875472503467619
17.82,-0.138473285996039,-1.56092404950444,-0.173068925080373,7.92158975870425,-0.83756130862256
17.85,-0.155218034858287,-1.55776212649138,0.232487843403455,7.83052217392277,-0.790893935089177
17.88,-0.165522099274537,-1.55439038456685,0.627642841849619,7.74525386397186,-0.736018317124825
17.91,-0.166022222690801,-1.55077731938532,1.00387880304148,7.66668682380889,-0.673572929977534
17.94,-0.16696677414879,-1.54691322945137,1.36069306659775,7.59570728211388,-0.604286789886087
17.97,-0.171284395766632,-1.54293624352906,1.70621312991364,7.53318567806575,-0.528979444403278
18,-0.182138419049458,-1.53902409407535,2.04781732351477,7.47969238690897,-0.44849091253611
18.03,-0.195455836637767,-1.5351566014286,2.38213689970506,7.43530316889275,-0.363708415946877
18.06,-0.211589248976073,-1.53105786681506,2.69938131082467,7.40012800218946,-0.275587607085274
18.09,-0.227277262709402,-1.52621234635784,2.9889395469177,7.37428295177588,-0.185086900538866
18.12,-0.245463457092176,-1.52030337108265,3.24203392321873,7.35789016943335,-0.0931674730332179
18.15,-0.262639071597572,-1.51361233680461,3.45536960613439,7.35107789374762,-0.000793263431810964
18.18,-0.276302027751438,-1.50655866132203,3.62717676538317,7.35398045010897,0.0910690272639383
18.21,-0.287697152421087,-1.49941857958903,3.75224181841374,7.36665987856163,0.181459527615762
18.24,-0.294274472199674,-1.49232618819633,3.82709711440689,7.38855064315534,0.26947404042247
18.27,-0.294492807379656,-1.4853513812423,3.85356850731213,7.41951135994068,0.354143862977591
18.3,-0.291410828046593,-1.47860884919975,3.83381357527827,7.4593197083128,0.434555333432451
18.33,-0.292220890193083,-1.47227220119471,3.77250315139653,7.50749232546549,0.509876880344583
18.36,-0.300853512513586,-1.46663441377557,3.67212724367041,7.56328480639115,0.579359022677817
18.39,-0.316744988824029,-1.46199326036515,3.52989285634263,7.62569170388082,0.642334369802257
18.42,-0.332816657759678,-1.45818451880712,3.34111396284968,7.69344652852414,0.698217621494278
18.45,-0.340360957659739,-1.45479491999967,3.10155803841245,7.76532962342524,0.746516530580975
18.48,-0.343355445588792,-1.45165337129745,2.81178346290442,7.84107753812691,0.786799071074493
18.51,-0.341449963935571,-1.44889887996953,2.48089467004526,7.92004868230715,0.818656905681662
18.54,-0.335808978532872,-1.44675036841433,2.12107511463357,8.0014597914341,0.8417908976253
18.57,-0.326126882462149,-1.44526947975031,1.74075026220388,8.08442864716549,0.856015012382374
18.6,-0.32031598058495,-1.44434979500474,1.34756101742469,8.16797407734866,0.861256317683995
18.63,-0.320663555844581,-1.44370528324724,0.950530342092125,8.25101595602053,0.857554983515429
18.66,-0.319924168132651,-1.44316419101048,0.559307446462826,8.33237693429761,0.845064119562482
18.69,-0.312568002949839,-1.4429973481287,0.180195802107332,8.41128057167594,0.823991841170615
18.72,-0.302706414542651,-1.44336388594669,-0.185028753994173,8.4869467919196,0.79460639348696
18.75,-0.301427726319962,-1.44417573391522,-0.537943815827734,8.55836327697689,0.757280691138472
18.78,-0.305921435694743,-1.44544667629616,-0.882057549714669,8.6246412446782,0.712466553264728
18.81,-0.305598402237555,-1.44723780617641,-1.21384730719322,8.68501544873592,0.660694703517944
18.84,-0.296187898439092,-1.44957446406507,-1.52797790612519,8.73884417874456,0.602574770062923
18.87,-0.280257910555682,-1.45251761415657,-1.82018203022642,8.78560926018059,0.538795285577129
18.9,-0.269267848221816,-1.45620033319874,-2.08714606151838,8.82487666319665,0.470108413541196
18.93,-0.266607594713813,-1.46060443137962,-2.3248520212277,8.85611854636616,0.39724591314342
18.96,-0.265832087619808,-1.46544107704426,-2.52668732111447,8.8790934329189,0.321034519072714
18.99,-0.252851460534814,-1.47032182718021,-2.68975131079817,8.89364874850182,0.242321061080277
19.02,-0.233141674102109,-1.47495968574388,-2.81910373326243,8.89967379056474,0.161955069061115
19.05,-0.216583476832259,-1.47925129803753,-2.92218750230451,8.89709972836038,0.0807887730539558
19.08,-0.210824421419217,-1.48335125122333,-3.00221859323227,8.88589960294429,-0.000322896758627067
19.11,-0.214581807343762,-1.48743122443612,-3.05915552511684,8.86608832717493,-0.0805223100502984
19.14,-0.217081578503675,-1.49137238639074,-3.08606004489116,8.83773897821478,-0.158970447657907
19.17,-0.21199057633995,-1.49485486363674,-3.07514882993954,8.80111960188234,-0.234881525572694
19.2,-0.207968811251777,-1.4978627723487,-3.02265058650098,8.75663142968217,-0.307415288116084
19.23,-0.205958869162211,-1.50069986700239,-2.93088777127791,8.70475404675925,-0.375795297752847
19.26,-0.203415304905314,-1.50351604274404,-2.80407139637147,8.64604699021158,-0.439320798929545
19.29,-0.197636840743961,-1.50620982409015,-2.64535011704261,8.58114974909009,-0.497366718074604
19.32,-0.192167413860351,-1.50875454600168,-2.45948935525607,8.51078176439871,-0.549383663598294
19.35,-0.193849869729166,-1.51100957053836,-2.24897470857646,8.43574242909432,-0.594897925892734
19.38,-0.20013234358904,-1.51275049229424,-2.01349562624681,8.35672807768663,-0.633510540148999
19.41,-0.203027500298654,-1.51400000543578,-1.75424874523707,8.27425919334313,-0.664854624947046
19.44,-0.198963968810658,-1.51498849311309,-1.4720547159284,8.18935521427153,-0.688615580110307
19.47,-0.196738232214701,-1.51592598875002,-1.16760106315043,8.10299791852279,-0.70457913131381
19.5,-0.19825949512906,-1.51688754242856,-0.840653416280469,8.01610284356893,-0.712632428715057
19.53,-0.201590948767483,-1.51768728750012,-0.487592649558613,7.92951928630306,-0.712764046954023
19.56,-0.205226826736905,-1.51801579909327,-0.107814857754293,7.84403030303939,-0.705063985153164
19.59,-0.210009977252869,-1.5176009104826,0.290355114674792,7.76035315734663,-0.689722998042624
19.62,-0.215832556879681,-1.51655244424229,0.694275755137312,7.67920079717097,-0.666959062038836
19.65,-0.221650994235133,-1.51526712008752,1.09131594926445,7.60130777670132,-0.637046041109094
