time,theta
-8,0.000222442407318466
-7.988,0.000167869409588388
-7.968,0.000117935904333679
-7.948,7.23491637187863e-05
-7.928,3.02479177945253e-05
-7.908,-4.33338037644894e-06
-7.888,-3.06356386152072e-05
-7.868,-5.7989728335866e-05
-7.848,-8.56215982838664e-05
-7.828,-0.00011487039951612
-7.804,-0.000140336475646796
-7.788,-0.000163498338254184
-7.768,-0.000180465566553645
-7.748,-0.000190951798136294
-7.728,-0.000198323838266903
-7.708,-0.000202901864734925
-7.688,-0.000203279614680082
-7.668,-0.000198750796562117
-7.648,-0.000189150703759404
-7.628,-0.000174299089337911
-7.604,-0.000157830174196593
-7.588,-0.000138550419835678
-7.568,-0.000114812762321963
-7.548,-8.39108124381232e-05
-7.528,-4.8095328659424e-05
-7.508,-3.55563058352149e-06
-7.484,3.94027197860425e-05
-7.468,7.89979820630443e-05
-7.444,0.000115969761040468
-7.428,0.0001530056622768
-7.408,0.000192889399175328
-7.388,0.000231422912734766
-7.368,0.000270585475475237
-7.348,0.000305838410248269
-7.328,0.000347015977063069
-7.308,0.000389890180955363
-7.288,0.000433012074191128
-7.264,0.000473849418078224
-7.248,0.000517046913827126
-7.224,0.000559287145371445
-7.204,0.000600536316274407
-7.188,0.000641374830385021
-7.168,0.000671242428519982
-7.148,0.000698419656782037
-7.128,0.000728085406268756
-7.108,0.000761303491293659
-7.084,0.000793457113776261
-7.068,0.000828769240678478
-7.048,0.000859547252693982
-7.028,0.000884356033833779
-7.008,0.000905785501136661
-6.988,0.000923370226138107
-6.968,0.000939287666329804
-6.948,0.000952261986005886
-6.924,0.000962339216165776
-6.908,0.000966548917964106
-6.888,0.000964545823497443
-6.864,0.000959118114791932
-6.844,0.0009479056669287
-6.828,0.000928774214987536
-6.808,0.000905701530559225
-6.788,0.000877999995137143
-6.764,0.000845433731176356
-6.748,0.000803362031383622
-6.728,0.000759857271435332
-6.708,0.000710399972723005
-6.684,0.00065946186936425
-6.668,0.000602440415099536
-6.648,0.000534558995392204
-6.628,0.000463006109626507
-6.608,0.00038419067230134
-6.588,0.000315420412325926
-6.568,0.00024816483305025
-6.548,0.000178399368157226
-6.528,0.00010762982691352
-6.508,3.09322552525662e-05
-6.488,-5.45508960687642e-05
-6.468,-0.000151810277831782
-6.448,-0.000239506650758155
-6.424,-0.000325349598348322
-6.408,-0.000402597140447652
-6.388,-0.000468127313824726
-6.368,-0.000537240969230322
-6.348,-0.000607879679278931
-6.328,-0.000684849947323782
-6.308,-0.000755964139606629
-6.288,-0.000826098207089697
-6.268,-0.000884545024381874
-6.248,-0.000926769458195768
-6.228,-0.000960660971383719
-6.208,-0.000988298131917691
-6.188,-0.00101507182533985
-6.168,-0.00103457276548895
-6.148,-0.00104851240288458
-6.128,-0.00105471418739741
-6.108,-0.00105232559246213
-6.088,-0.0010453049909511
-6.068,-0.00103013760409086
-6.044,-0.00100934443563665
-6.028,-0.000978509479725118
-6.008,-0.000937166501828415
-5.988,-0.000892695275414169
-5.968,-0.0008407688134277
-5.948,-0.000791962764945983
-5.928,-0.00074177400547218
-5.908,-0.000687833963409226
-5.888,-0.000616835632025292
-5.868,-0.000532710506439668
-5.848,-0.000432337322238689
-5.828,-0.000324406166087182
-5.808,-0.000232070094804025
-5.788,-0.00013858328076963
-5.768,-5.53068457873449e-05
-5.748,2.98504810914995e-05
-5.724,0.000120999816808613
-5.708,0.000231428549433168
-5.688,0.000353764179535383
-5.668,0.000475815918132111
-5.644,0.000593834035204543
-5.628,0.000691089381752983
-5.608,0.00078939490194346
-5.588,0.000879172512201749
-5.568,0.000974553502203526
-5.548,0.00107069456306527
-5.528,0.00115493648399972
-5.508,0.00124052654742808
-5.488,0.00132944807958292
-5.468,0.00142535179604167
-5.444,0.00150838613806651
-5.428,0.00158734028586264
-5.408,0.00165325601753179
-5.388,0.00171100493355046
-5.368,0.00176929962836982
-5.348,0.00182479780493249
-5.328,0.00187550758369464
-5.308,0.00190925003581072
-5.288,0.00193209564307899
-5.268,0.00194326552499265
-5.248,0.00194206804317365
-5.228,0.00193330341077338
-5.208,0.00191624079546052
-5.184,0.00189093548275066
-5.168,0.00185020796678707
-5.144,0.00179243138698766
-5.128,0.00172880150034008
-5.108,0.0016557913681541
-5.088,0.00157305253854784
-5.068,0.00148787791312754
-5.036,0.00138992902728885
-5.028,0.00128824433787218
-5.004,0.00119059960486341
-4.988,0.00109125274456431
-4.968,0.00099142608131547
-4.948,0.000884877704580546
-4.928,0.000763008798838621
-4.908,0.000606190203744344
-4.888,0.000448260356232399
-4.864,0.000279613639400733
-4.848,0.000107761853980207
-4.828,-4.96296821290862e-05
-4.804,-0.000200715057107149
-4.788,-0.00034589222555046
-4.768,-0.000503397913297426
-4.748,-0.000660449160128022
-4.728,-0.000859136261622394
-4.708,-0.00105919270849385
-4.684,-0.00123934508493691
-4.668,-0.00139940763554017
-4.648,-0.00152519063860446
-4.628,-0.00164443242018401
-4.608,-0.00176728207054196
-4.588,-0.00190980803062253
-4.564,-0.00205043033369966
-4.548,-0.00220730241471971
-4.528,-0.0023456226622734
-4.504,-0.00246119425105254
-4.484,-0.00256502646448891
-4.468,-0.00265849551202825
-4.448,-0.00275106878169793
-4.428,-0.00283385957488852
-4.408,-0.00290937144301756
-4.384,-0.0029642200096498
-4.368,-0.00301054333740077
-4.348,-0.00304752436567822
-4.328,-0.00307740339110088
-4.308,-0.00309470325501809
-4.288,-0.00310077374771335
-4.268,-0.00309901238311236
-4.248,-0.00308780429265562
-4.228,-0.00306129655626905
-4.208,-0.00302599544832153
-4.184,-0.00297817052586422
-4.168,-0.00291583300782705
-4.148,-0.0028494243973593
-4.128,-0.00277670943652795
-4.104,-0.00269681001859741
-4.088,-0.00260311876448196
-4.068,-0.00250024385613941
-4.048,-0.00236387719895586
-4.028,-0.00222631482315755
-4.008,-0.00209193133430391
-3.984,-0.00195866218230198
-3.968,-0.00181435560055633
-3.948,-0.00165215331416311
-3.928,-0.00149129937518156
-3.908,-0.00132242695031127
-3.884,-0.00116507384420053
-3.868,-0.000983698051005736
-3.848,-0.000794030427460332
-3.828,-0.000597770331393257
-3.808,-0.000425895995639244
-3.788,-0.000266152819739101
-3.768,-0.000103121127367433
-3.748,4.85900331856455e-05
-3.728,0.000207456112937037
-3.708,0.000353766905319446
-3.688,0.000519279987828207
-3.668,0.000683887435452106
-3.648,0.000858310717554758
-3.628,0.00103246322278826
-3.608,0.00118767476431953
-3.588,0.0013438047263057
-3.568,0.00148633224294719
-3.548,0.00162249697208248
-3.528,0.00174531825058338
-3.508,0.00189452282375685
-3.488,0.00206266484252912
-3.468,0.00222837527800093
-3.448,0.00238397947701039
-3.428,0.00250645844109336
-3.408,0.00261858214832315
-3.388,0.00272076282202541
-3.368,0.00283412241722166
-3.344,0.00293585078991474
-3.328,0.00302063158503261
-3.308,0.0030979801208667
-3.288,0.00316026100408414
-3.268,0.00322059573490111
-3.248,0.00328080708927765
-3.228,0.00334598704373689
-3.208,0.00340618808797305
-3.188,0.0034686445129598
-3.168,0.00352195268824205
-3.148,0.00356437482582621
-3.128,0.00359823763223586
-3.108,0.00361993456559818
-3.088,0.00363421499649465
-3.068,0.00363879278273311
-3.048,0.00363647106359317
-3.028,0.00362828582674695
-3.008,0.00361518624409542
-2.984,0.00359598093696548
-2.968,0.0035650943688258
-2.948,0.00352941034076689
-2.924,0.00348569214927542
-2.904,0.00343261830442874
-2.888,0.00337853884259051
-2.868,0.00332250940268569
-2.844,0.00326350540147679
-2.828,0.00319139418827758
-2.808,0.0031200236267049
-2.788,0.00304144844968174
-2.768,0.00295756546541355
-2.748,0.0028791110548602
-2.728,0.00279917646012105
-2.708,0.00271452089091208
-2.688,0.00261206317036722
-2.664,0.00251411136479906
-2.648,0.00241058493995044
-2.628,0.00230909125367197
-2.608,0.00220424425420623
-2.584,0.00209327140035347
-2.568,0.0019673420312339
-2.544,0.00182988892304264
-2.528,0.00171178373614159
-2.504,0.00159709129394526
-2.488,0.00148671895375533
-2.468,0.00135362725449434
-2.448,0.00121628943944418
-2.428,0.00106498814329525
-2.408,0.000909862547869022
-2.388,0.00074632002293531
-2.368,0.000574910945053265
-2.348,0.000415967760250218
-2.328,0.000263139606667488
-2.304,0.000130190923734279
-2.288,-2.50233683037587e-05
-2.268,-0.000182095800886321
-2.248,-0.000347028312785145
-2.228,-0.000506043508961743
-2.208,-0.000644447740115225
-2.188,-0.000792538533303125
-2.168,-0.000954843318649335
-2.148,-0.00113938535030157
-2.128,-0.00130390765943634
-2.108,-0.00146889134998575
-2.088,-0.00162381500863566
-2.064,-0.0017604148989241
-2.048,-0.00191085770056972
-2.028,-0.00207252852556939
-2.008,-0.00226182308253217
-1.988,-0.0024475167770881
-1.968,-0.00263644584463098
-1.948,-0.00279900956754396
-1.928,-0.00294301995006363
-1.908,-0.00308368633387928
-1.888,-0.00321188541981599
-1.864,-0.00335058564473107
-1.848,-0.00346873767154181
-1.828,-0.00357882340199602
-1.808,-0.00368470133463492
-1.788,-0.00380177822229104
-1.768,-0.00391911188249043
-1.748,-0.00402873445688196
-1.728,-0.0041321965407383
-1.708,-0.00420663661922917
-1.688,-0.00426403596499367
-1.664,-0.00430982641230629
-1.648,-0.00435524978610674
-1.628,-0.00439438622889505
-1.608,-0.00442408853565856
-1.588,-0.00444281837521496
-1.568,-0.00444785176518543
-1.544,-0.00444259460883351
-1.528,-0.00442804607641453
-1.508,-0.00439797520592453
-1.488,-0.00434802212187699
-1.468,-0.00428537420569349
-1.448,-0.00420402273025284
-1.428,-0.00412157213001735
-1.408,-0.00403480288992565
-1.388,-0.00394307625883988
-1.368,-0.00382758778241957
-1.348,-0.00369809196593775
-1.328,-0.00354250734773535
-1.308,-0.0033594034310164
-1.288,-0.00318527820858284
-1.268,-0.00300054708999788
-1.248,-0.00283494100384628
-1.224,-0.00267585861366265
-1.208,-0.00251742156008328
-1.188,-0.00232167171438015
-1.168,-0.00209855363938866
-1.148,-0.00187630333639382
-1.128,-0.00164777340251971
-1.108,-0.0014361508807748
-1.088,-0.00120522422029106
-1.068,-0.000959924389974803
-1.048,-0.000668547753252992
-1.028,-0.0003978911985715
-1.004,-0.000151462695701227
-0.988,8.97586650198902e-05
-0.967999999999996,0.000296770552838936
-0.948,0.000509034823738482
-0.927999999999997,0.000736924263768372
-0.903999999999996,0.00100811591114444
-0.887999999999998,0.00126435676778446
-0.868000000000002,0.00152747794982853
-0.847999999999999,0.00177617231916657
-0.828000000000003,0.00198813170290679
-0.804000000000002,0.00219180240214548
-0.787999999999997,0.0023887362026743
-0.768000000000001,0.00259658937376068
-0.747999999999998,0.0027748792187864
-0.728000000000002,0.00295313808443698
-0.707999999999998,0.00311208218309923
-0.688000000000002,0.00323735744797028
-0.667999999999999,0.00335558642661539
-0.648000000000003,0.00347221875626905
-0.628,0.00360406318626189
-0.607999999999997,0.00372459757127583
-0.588000000000001,0.00384165589860227
-0.567999999999998,0.00393778046968204
-0.548000000000002,0.00400601757240388
-0.527999999999999,0.00406358733887117
-0.508000000000003,0.00411670302809559
-0.488,0.00417493425514276
-0.467999999999996,0.00422578020130948
-0.448,0.00427400292126629
-0.427999999999997,0.00431063841070096
-0.408000000000001,0.00433081784376046
-0.384,0.00433834045927912
-0.368000000000002,0.00433441069627764
-0.347999999999999,0.0043219335291785
-0.328000000000003,0.00430053373412459
-0.308,0.00426246842874764
-0.283999999999999,0.00421525549773034
-0.268000000000001,0.00415321891617919
-0.247999999999998,0.00407730415751431
-0.223999999999997,0.00400041795121217
-0.204000000000001,0.00391352092027742
-0.183999999999997,0.00381298758373274
-0.164000000000001,0.00368130662859297
-0.148000000000003,0.00354026363239136
-0.128,0.00338667001134678
-0.107999999999997,0.00323951658927933
-0.088000000000001,0.00311643608640946
-0.0640000000000001,0.00299604115024971
-0.0480000000000018,0.00286690497884272
-0.0240000000000009,0.00270921320616677
-0.00800000000000267,0.00254153520403681
0.0120000000000005,0.00234877203618236
0.0320000000000036,0.00215906153836924
0.0519999999999996,0.00196771864481506
0.0720000000000027,0.00177357980748272
0.0960000000000036,0.0015582142237791
0.112000000000002,0.00133647407286411
0.136000000000003,0.00115367925268008
0.152000000000001,0.000991255635393651
0.171999999999997,0.000847498952238296
0.192,0.000686499089039191
0.212000000000003,0.000493579163489554
0.231999999999999,0.000254564980415698
0.252000000000002,2.58464314575438e-05
0.271999999999998,-0.000204091159275347
0.292000000000002,-0.000415486124997065
0.311999999999998,-0.000599074799546824
0.332000000000001,-0.000769934599029261
0.351999999999997,-0.000909162333253438
0.372,-0.00104047901102458
0.392000000000003,-0.00116863388930733
0.411999999999999,-0.00130412416743838
0.432000000000002,-0.00142613100871895
0.451999999999998,-0.00155550044577972
0.472000000000001,-0.00166447603467398
0.491999999999997,-0.00174862048075065
0.512,-0.00181992976441786
0.532000000000004,-0.00187682869510518
0.552,-0.00192783519444002
0.572000000000003,-0.00196895923687162
0.591999999999999,-0.00200143253760707
0.612000000000002,-0.00201655717221095
0.631999999999998,-0.00202073842354598
0.652000000000001,-0.0020145966193092
0.671999999999997,-0.00199649156900263
0.695999999999998,-0.00197172876399409
0.712000000000003,-0.00194025926001876
0.731999999999999,-0.00190577019283965
0.756,-0.00186178875093869
0.771999999999998,-0.00180755357384321
0.792000000000002,-0.00174984521419738
0.811999999999998,-0.00168102182713814
0.832000000000001,-0.00160715169140374
0.851999999999997,-0.00152978660344662
0.872,-0.00138715251688721
0.892000000000003,-0.00122441511017262
0.911999999999999,-0.00107166955871724
0.932000000000002,-0.00114099523702878
0.951999999999998,-0.00331468430991832
0.975999999999999,-0.00713046924819826
0.991999999999997,-0.0133503692137579
1.012,-0.0217199103857039
1.032,-0.0304480009497917
1.052,-0.0412173342407811
1.08,-0.0550919796502366
1.092,-0.075971931283911
1.112,-0.10005693508035
1.132,-0.126777840634401
1.156,-0.155624683552912
1.176,-0.1803272744132
1.204,-0.202687699687073
1.212,-0.225542100058826
1.232,-0.253577423695145
1.256,-0.286245521814652
1.272,-0.322937128039619
1.292,-0.358491272335242
1.312,-0.388464487055339
1.332,-0.418075903467002
1.352,-0.447224005449556
1.372,-0.481361701436867
1.392,-0.513440254345534
1.412,-0.54154372971192
1.432,-0.567633230321195
1.456,-0.588985746084556
1.472,-0.60920284902732
1.492,-0.62898165024247
1.512,-0.64977916172117
1.532,-0.668332320436944
1.552,-0.687530839426833
1.576,-0.703330880383517
1.592,-0.714941286858833
1.612,-0.724247353682363
1.632,-0.730671600036968
1.652,-0.735555753388876
1.672,-0.7387105847458
1.692,-0.740161874226649
1.712,-0.738776655912642
1.732,-0.73353460927776
1.752,-0.725438505358261
1.772,-0.716998868253962
1.796,-0.707761090594653
1.812,-0.697464508364268
1.836,-0.682810733556075
1.856,-0.665397866495199
1.872,-0.644273983899224
1.892,-0.621757974387749
1.912,-0.600569177189721
1.932,-0.576460190346982
1.952,-0.548107312286143
1.972,-0.513775561896593
1.992,-0.48143283590351
2.012,-0.448358239939052
2.032,-0.417445990300803
2.052,-0.383681335512661
2.072,-0.341787699975525
2.092,-0.297667495511937
2.112,-0.253403998018049
2.132,-0.214560426745178
2.152,-0.173113829001726
2.172,-0.133968941924762
2.192,-0.0928058623129601
2.212,-0.0518919935854717
2.232,-0.0166162028262617
2.252,0.0192153360887179
2.272,0.0574277231589406
2.292,0.103676792398453
2.312,0.149831505508063
2.332,0.196125993323225
2.356,0.234269656364635
2.372,0.267398255281367
2.396,0.30082692951883
2.412,0.332650537464346
2.432,0.367341836615496
2.452,0.399081785187763
2.472,0.429376607531851
2.492,0.457016694049238
2.516,0.486415106949276
2.532,0.511679647058846
2.556,0.529963351553559
2.572,0.546082037343419
2.592,0.559934106348829
2.612,0.574869510848226
2.632,0.590740109252336
2.652,0.605660452114337
2.672,0.615612896318617
2.692,0.622047405939129
2.716,0.627129683376671
2.732,0.631265022773982
2.752,0.634997596739755
2.772,0.636063014079224
2.792,0.634059398651541
2.816,0.630810973085417
2.836,0.625960811943602
2.852,0.620094947339293
2.872,0.61201551870895
2.892,0.601748233156228
2.916,0.590713469968954
2.932,0.578480769225358
2.952,0.565904139725968
2.972,0.551125538917648
2.996,0.534488137314838
3.012,0.514559806214137
3.032,0.494072878507159
3.052,0.471560746713529
3.072,0.449643682283109
3.096,0.4288966882673
3.112,0.408212577371439
3.132,0.390141075329463
3.152,0.371337621168664
3.172,0.350961586401806
3.192,0.325744696648603
3.212,0.299742194172205
3.232,0.275776957786815
3.252,0.256243861231197
3.27200000000001,0.240430149194141
3.292,0.223063683983167
3.312,0.204350868658462
3.33199999999999,0.183140258607073
3.352,0.164169687682467
3.372,0.146261416568017
3.396,0.127855741753924
3.41200000000001,0.110469318268501
3.432,0.0942184949046311
3.452,0.0819345962208576
3.47199999999999,0.0708171729159983
3.492,0.0614259159892792
3.512,0.0523452566876752
3.536,0.0443498256802457
3.55200000000001,0.0383134718108129
3.572,0.0332440531624374
3.592,0.0290669344015745
3.616,0.0256898268563382
3.63200000000001,0.0240637919188954
3.652,0.0237649364066095
3.672,0.0246650597324738
3.696,0.0269164982736674
3.71599999999999,0.0300136281080063
3.736,0.0334766296586013
3.756,0.0378671148223331
3.77200000000001,0.0435202812475054
3.792,0.0514539628595538
3.812,0.0600279960981715
3.836,0.0696243689007894
3.852,0.0795272252306407
3.872,0.0885654702766416
3.892,0.0989775226574641
3.916,0.110125786668746
3.932,0.121606375702526
3.952,0.132183258046801
3.97199999999999,0.143804293199019
3.992,0.155437265311832
4.012,0.166565687115666
4.032,0.178347387199528
4.05200000000001,0.189109817958718
4.07599999999999,0.200307478743755
4.092,0.211662095416365
4.11199999999999,0.224738227338808
4.136,0.236790352467147
4.152,0.24715088955928
4.172,0.256416369726584
4.19200000000001,0.26349266094126
4.212,0.269876622775343
4.232,0.276181458268881
4.252,0.28324904718849
4.27200000000001,0.289476489242434
4.29600000000001,0.29506545900684
4.312,0.29917809126576
4.33199999999999,0.301805728975865
4.352,0.303572547457788
4.372,0.304443835348353
4.396,0.304487317278102
4.41200000000001,0.303259403758731
4.432,0.300601922157704
4.456,0.297299817834611
4.476,0.293196583796117
4.492,0.288544796801469
4.512,0.282529194780583
4.532,0.275110329002717
4.556,0.267269826549672
4.572,0.258419594309491
4.592,0.249096716019143
4.61199999999999,0.237154672538398
4.636,0.224557767879176
4.65600000000001,0.210795014181922
4.672,0.196361849355481
4.69200000000001,0.182819322845497
4.712,0.168435680247188
4.732,0.154778026504176
4.752,0.14151879660216
4.77200000000001,0.129278852181748
4.792,0.114357122006638
4.812,0.0981689041387117
4.83199999999999,0.0799394683736906
4.852,0.060693748964016
4.872,0.0417982952048571
4.892,0.0223046019036164
4.91200000000001,0.00514332289407521
4.932,-0.0117979652334142
4.952,-0.0264668096329211
4.97199999999999,-0.0403918333403469
4.992,-0.0543700821534484
5.012,-0.0706649734249483
5.032,-0.0880753073787816
5.05200000000001,-0.105134791605878
5.072,-0.12234894179033
5.092,-0.136121553037777
5.11199999999999,-0.148095396272906
5.13200000000001,-0.158650454610968
5.152,-0.170065541296262
5.172,-0.181519873154662
5.19200000000001,-0.191972047280748
5.21599999999999,-0.201960034756293
5.232,-0.209979326504428
5.252,-0.21797493523009
5.27200000000001,-0.225367977089874
5.292,-0.232488519738196
5.316,-0.238450610103639
5.33199999999999,-0.243117052569269
5.352,-0.247008632223225
5.372,-0.249905405840376
5.392,-0.252026815089772
5.41200000000001,-0.252801415560543
5.432,-0.252749303910461
5.452,-0.252234772578491
5.47199999999999,-0.25109972087031
5.492,-0.249303352834286
5.512,-0.246332364380691
5.532,-0.242213191989511
5.556,-0.237607416669379
5.572,-0.232686094036429
5.592,-0.227848758195233
5.61199999999999,-0.222018592530846
5.63200000000001,-0.216046667104226
5.652,-0.209323225324032
5.672,-0.202440684103066
5.69200000000001,-0.194693668216776
5.712,-0.185114004957126
5.732,-0.175662987792371
5.752,-0.167033096782459
5.77200000000001,-0.160129132214782
5.792,-0.15323508588287
5.812,-0.145893893808678
5.83199999999999,-0.136345624186894
5.852,-0.126178177064005
5.872,-0.116250141557165
5.892,-0.106186491971483
5.91200000000001,-0.0974856993782379
5.932,-0.0893709042331259
5.952,-0.0820255237168308
5.97199999999999,-0.0742348921029535
5.996,-0.0667882078081423
6.01600000000001,-0.0593822705024597
6.032,-0.0529222342616696
6.05200000000001,-0.047039627065053
6.072,-0.0410600193331179
6.092,-0.0355841362103314
6.116,-0.0302797966328609
6.13200000000001,-0.0262645274207704
6.152,-0.0228342686962613
6.172,-0.0197539117010822
6.19200000000001,-0.0165987222007065
6.212,-0.0138306941736181
6.232,-0.0115892896394433
6.252,-0.00985779382136157
6.27200000000001,-0.00909341739454859
6.292,-0.00908535436632109
6.312,-0.0096043376160386
6.336,-0.0101741082333885
6.352,-0.0109564285510522
6.372,-0.0127039612911485
6.392,-0.0155801701931189
6.41200000000001,-0.0191578814196438
6.43600000000001,-0.0233844410450662
6.452,-0.0270315835322406
6.47199999999999,-0.0302675230673085
6.492,-0.0337470659007277
6.512,-0.0383005422065268
6.532,-0.0440647052478527
6.55200000000001,-0.0497940145342874
6.572,-0.0551263992327363
6.596,-0.0596582627712451
6.61199999999999,-0.0644403217079115
6.63200000000001,-0.0696658933109271
6.652,-0.0753570202738207
6.672,-0.0811213144984753
6.69200000000001,-0.0863972391424253
6.712,-0.0925012801870324
6.732,-0.0988039031182185
6.756,-0.105128112645657
6.77200000000001,-0.110478823104463
6.792,-0.115120520598694
6.812,-0.119637057989136
6.83199999999999,-0.123797056597425
6.852,-0.128033854736564
6.872,-0.131606984576513
6.892,-0.135113316610816
6.91200000000001,-0.138272725131554
6.932,-0.141259102720867
6.956,-0.143711127692587
6.976,-0.145493916244466
6.992,-0.146939707556192
7.01600000000001,-0.148030853506197
7.032,-0.148773054426284
7.056,-0.148884596980043
7.072,-0.148386463321972
7.092,-0.147423068254151
7.116,-0.146458907247162
7.13200000000001,-0.145106165242132
7.152,-0.142893796254194
7.172,-0.14008748413088
7.20399999999999,-0.136312594711388
7.212,-0.132416543146927
7.236,-0.128912850031599
7.252,-0.125469895621119
7.27200000000001,-0.121036477321981
7.292,-0.115780444266668
7.312,-0.110393135035387
7.33199999999999,-0.104422471115179
7.352,-0.0991321867741918
7.372,-0.0940249639413144
7.392,-0.0883136415250664
7.41200000000001,-0.0802718986870877
7.432,-0.0711170079595674
7.456,-0.0623731859161073
7.47199999999999,-0.054290477266713
7.492,-0.0479843145913443
7.512,-0.0417497057545328
7.532,-0.034639879405743
7.55200000000001,-0.0253417802406101
7.572,-0.0162207435868052
7.596,-0.00887769945099628
7.61199999999999,-0.00231514415057245
7.636,0.00369987740697317
7.652,0.0106869322795766
7.672,0.0189824633671121
7.69200000000001,0.0287714169264123
7.712,0.0370744112684356
7.736,0.0429679538544671
7.752,0.0477880086443155
7.77200000000001,0.052155106384916
7.792,0.0576444746274699
7.812,0.0641395011953138
7.83199999999999,0.0714790385909465
7.852,0.0774760889001619
7.872,0.0815732984292901
7.892,0.0846289917828708
7.916,0.0875164809490478
7.932,0.0909796189598534
7.952,0.0945192275159043
7.97199999999999,0.098045179363611
7.992,0.100534928055364
8.012,0.102230409006847
8.032,0.103731722263332
8.05200000000001,0.105034855691339
8.072,0.105879784847513
8.092,0.106288135343732
8.11199999999999,0.106335761813273
8.13200000000001,0.106136552431797
8.152,0.105658992086519
8.172,0.104761338968817
8.19200000000001,0.103708798715765
8.212,0.102376168960526
8.232,0.100682382822875
8.252,0.0984958833311367
8.27200000000001,0.0959665939020738
8.292,0.0926240114307658
8.312,0.0891230790347924
8.336,0.0856967257438007
8.352,0.0824679203018277
8.372,0.0798630435200892
8.392,0.0771211092321631
8.41200000000001,0.0742948596537661
8.432,0.0710415312416712
8.452,0.0676455972944286
8.47199999999999,0.0636651228891985
8.492,0.0593790149290495
8.512,0.0551246986210965
8.532,0.0509533954384442
8.55200000000001,0.0474813836703418
8.572,0.0439810052804671
8.592,0.0407627888445888
8.61199999999999,0.0374372835682448
8.63200000000001,0.0342667581767483
8.652,0.031642297391003
8.676,0.0290980072338373
8.696,0.0265000758800449
8.712,0.0235841774568433
8.732,0.0209561219253997
8.752,0.0184380413573571
8.77200000000001,0.0163650296346312
8.792,0.0146598127942222
8.812,0.0130637604949732
8.83199999999999,0.0117114261096674
8.852,0.0105695447335868
8.872,0.00989020781974638
8.892,0.00946721618732831
8.91200000000001,0.00923494594992377
8.932,0.00915026126735267
8.952,0.00925882753758374
8.97199999999999,0.0096812266251961
8.992,0.0103524189317256
9.012,0.0111531949089328
9.032,0.0121464755953777
9.05200000000001,0.0133100837928057
9.072,0.0149559605211571
9.092,0.0168534639155105
9.11199999999999,0.0188853194752894
9.13200000000001,0.021131509231498
9.152,0.0233262886902884
9.172,0.0255557573119424
9.19200000000001,0.0278970238832513
9.212,0.0301004804344625
9.236,0.0321157947699264
9.252,0.0343594513554249
9.276,0.0369771343358286
9.292,0.0397513712222305
9.312,0.0430173420351843
9.33199999999999,0.0460288341441685
9.352,0.0487115539133513
9.376,0.0512292041547184
9.392,0.0537102021140641
9.41200000000001,0.0563472963312601
9.432,0.0588538689492737
9.452,0.0613155100573019
9.476,0.0634048451296879
9.492,0.0656170241098031
9.512,0.0677432454730264
9.532,0.0698780384335695
9.55200000000001,0.0717929775150463
9.572,0.073469531552179
9.592,0.0750038099713819
9.61199999999999,0.0762682216445438
9.63200000000001,0.0773394929329057
9.652,0.0780267374956149
9.676,0.0785496033891373
9.69200000000001,0.0789288565755953
9.712,0.0791958640887154
9.732,0.0791697744374757
9.756,0.0789757103079116
9.77200000000001,0.0785981793727504
9.792,0.0779433293362541
9.812,0.0771793200151317
9.83199999999999,0.0762211650890764
9.852,0.0750017432006545
9.872,0.0732405213564203
9.892,0.0712622725808745
9.91200000000001,0.0690272321808169
9.932,0.0667560264725872
9.952,0.0647522853412251
9.97199999999999,0.062674846466141
9.992,0.0603258283024346
10.012,0.057269385795513
10.032,0.054190331734747
10.056,0.0508911891658396
10.072,0.0475235962985431
10.092,0.0444299697077016
10.116,0.0413454695544895
10.132,0.0382516485636798
10.152,0.0347697206623103
10.176,0.0315904227122659
10.192,0.0282356991546437
10.212,0.0250045152255202
10.232,0.0217243016841814
10.252,0.0181876413499199
10.272,0.0147707700935963
10.292,0.0113311259382136
10.312,0.0082903884911465
10.332,0.00510193552550582
10.352,0.0018337932218377
10.372,-0.00189937109345105
10.396,-0.00524349358610037
10.412,-0.0081438239414141
10.432,-0.0108665245761649
10.452,-0.0135045657369318
10.472,-0.0163633235662963
10.492,-0.0191422788941344
10.512,-0.0218369347628019
10.532,-0.0238626380920396
10.552,-0.025539494682171
10.572,-0.0269715443384716
10.592,-0.0285284880021882
10.612,-0.030099455874318
10.632,-0.0315117680560035
10.652,-0.0328044582785596
10.672,-0.0337710701378496
10.692,-0.0346416368450834
10.712,-0.0354031125616063
10.732,-0.0360999882054592
10.752,-0.036593871488957
10.772,-0.0368428124392871
10.792,-0.0369483031950721
10.812,-0.0368603706532853
10.832,-0.0366475748034314
10.852,-0.0363497587157882
10.872,-0.0359043053140506
10.892,-0.0353921771273243
10.912,-0.0347928298175658
10.932,-0.0340888695962331
10.952,-0.0333627348793908
10.972,-0.0325790706019604
10.992,-0.031665654042958
11.012,-0.0304690236426558
11.032,-0.0292491798832926
11.052,-0.0279209249152951
11.072,-0.0265543153795632
11.092,-0.025306513349086
11.112,-0.0240852260083096
11.132,-0.0228841070749826
11.152,-0.0215656352417517
11.172,-0.0203816111390549
11.192,-0.0191199255337786
11.212,-0.0179041324834919
11.232,-0.0166765798279647
11.256,-0.0153260358368012
11.272,-0.0140013481233755
11.296,-0.0127460300279133
11.312,-0.011754451069033
11.332,-0.0108125827573963
11.352,-0.00998291815008406
11.372,-0.00916457911480319
11.392,-0.00843895540804263
11.412,-0.00781688343814739
11.432,-0.00723779695070626
11.452,-0.00670773192523783
11.472,-0.00622330102626173
11.492,-0.00590915551651412
11.512,-0.00570214058327295
11.532,-0.00560724103480325
11.552,-0.00562940605956054
11.572,-0.0057209617376586
11.592,-0.00589894494672021
11.612,-0.00617711501702437
11.632,-0.00650203601834367
11.652,-0.00694209023530152
11.672,-0.00752036917736523
11.692,-0.00826985779075497
11.712,-0.00902575027201966
11.732,-0.00981518742809306
11.752,-0.0105654169877931
11.772,-0.0114079431293558
11.792,-0.0124165872775177
11.812,-0.0134431362287564
11.832,-0.014505429719591
11.852,-0.0155048436152128
11.872,-0.0166385257576277
11.892,-0.0178724383836982
11.912,-0.0194018445702916
11.932,-0.0209593170851446
11.952,-0.0222546670887582
11.972,-0.0233703006537413
11.992,-0.0243188474563881
12.012,-0.0253836737463194
12.032,-0.0265196033514346
12.056,-0.0278324334881031
12.072,-0.0291126915712302
12.092,-0.0302309639201377
12.112,-0.03125143076612
12.132,-0.0321959495118751
12.152,-0.0331885510003877
12.172,-0.0340480893984064
12.196,-0.034931720679659
12.212,-0.0357335283612102
12.232,-0.0364316544639014
12.252,-0.0370954645857688
12.272,-0.0376859140546274
12.292,-0.0382057420433699
12.316,-0.0385361779364811
12.332,-0.0387577141738343
12.352,-0.0389004865708839
12.372,-0.0389965575337676
12.396,-0.039016542730581
12.412,-0.0389637419680699
12.436,-0.0388360354326275
12.452,-0.0386208534738775
12.472,-0.0383110161483299
12.492,-0.0379087688171301
12.512,-0.0373049151549455
12.532,-0.0366465041879372
12.552,-0.0359185418620635
12.572,-0.0350982426536301
12.592,-0.0343105892534523
12.612,-0.0334736859091086
12.632,-0.0325521898357617
12.652,-0.0314201519929195
12.672,-0.0303063044641705
12.692,-0.0291155291845674
12.712,-0.027972520560979
12.732,-0.0267656485143302
12.752,-0.0254212217745403
12.772,-0.0240948334030189
12.792,-0.022684717508482
12.812,-0.0213348285982043
12.832,-0.0198264577015215
12.852,-0.018386558078119
12.872,-0.0169320796236942
12.892,-0.0155923908635118
12.912,-0.0141714796595585
12.932,-0.0125207142230061
12.952,-0.0108986673320971
12.972,-0.00925730154157283
12.992,-0.00775305960999965
13.012,-0.00614212811051399
13.032,-0.00461010590612889
13.052,-0.00330959400025561
13.072,-0.00227279504350296
13.092,-0.00135822854016867
13.112,-0.000208174746015093
13.132,0.00105622076839763
13.152,0.00238602069785694
13.172,0.00352258826750347
13.192,0.00455868543572067
13.216,0.00556689786365983
13.232,0.00644040272035075
13.252,0.00722435917586242
13.272,0.00781386803043752
13.292,0.00841711365636811
13.312,0.0089868850272307
13.332,0.00952514707482884
13.352,0.00996605405355932
13.372,0.0102896690827308
13.392,0.0105669393111714
13.412,0.0107977404870962
13.432,0.0109829083924345
13.452,0.0110825107431485
13.472,0.0111326455412901
13.492,0.0111177452035207
13.512,0.0110198519103533
13.532,0.0108657624631597
13.552,0.0106786728197787
13.572,0.0104519042066862
13.592,0.0101914822506916
13.612,0.00986589477675263
13.632,0.00948391898354405
13.652,0.00899217717741705
13.676,0.00850719429457587
13.692,0.00803874675480419
13.716,0.00757639200657111
13.732,0.00708271046857104
13.756,0.00653386113352249
13.772,0.00599332518042946
13.792,0.00542314786483692
13.812,0.00488605908582391
13.832,0.00433905199990598
13.852,0.00381181255202964
13.872,0.00322413039677665
13.892,0.00269879014970088
13.912,0.0022223150545195
13.932,0.00173356822380508
13.952,0.00132021634950512
13.972,0.000947410373264985
13.992,0.00059257061275225
14.012,0.000225884509285756
14.032,-7.94931751567625e-05
14.052,-0.000353670286023835
14.072,-0.000552032100149448
14.092,-0.000671348111465567
14.112,-0.000749755130760697
14.136,-0.000790164160967422
14.152,-0.000798113006118244
14.172,-0.000748384294560615
14.192,-0.000624937525281623
14.212,-0.000464129616716202
14.232,-0.000260830963769004
14.256,-2.94025416974153e-05
14.272,0.000264992541258812
14.292,0.000610763131624039
14.312,0.00106539741092329
14.332,0.00161338581391336
14.352,0.00213916248948332
14.376,0.00272252159033735
14.396,0.00334869679279576
14.412,0.00407085067234074
14.432,0.00477168557850875
14.452,0.00548387390535776
14.472,0.00615451847935676
14.492,0.0067433657798291
14.512,0.0073790198133408
14.532,0.00806929768726715
14.556,0.00890945546183254
14.572,0.00972826253777824
14.592,0.0106033823028412
14.612,0.0114640540328572
14.632,0.0123287545342136
14.652,0.0132083362030272
14.672,0.0140055886053972
14.692,0.0147558686328318
14.712,0.0153807312411283
14.732,0.0160567389017924
14.752,0.0167672521324014
14.772,0.0175621786966018
14.792,0.0182646122011226
14.812,0.0188572855739736
14.836,0.0194012108364599
14.852,0.0198373730188771
14.872,0.0202625285453177
14.892,0.0206629133869871
14.912,0.0210459084577317
14.932,0.0213665459306237
14.952,0.0216813250226005
14.972,0.0219423884944792
14.992,0.0221469463009145
15.012,0.0223054335477116
15.032,0.0223716599589684
15.052,0.0223765298712876
15.076,0.022323521608635
15.092,0.0221995205466537
15.116,0.0220419606185883
15.136,0.0218436792998622
15.152,0.0216188913393264
15.176,0.0213293945559904
15.192,0.0209715148602226
15.212,0.0205931803472264
15.232,0.0201786783574476
15.252,0.0197596294384606
15.272,0.0192452630214447
15.292,0.0187116627719817
15.312,0.0181389882877753
15.332,0.017591746639218
15.352,0.0169981060257141
15.372,0.0163125934303657
15.392,0.0156169569996967
15.416,0.0148520332886514
15.432,0.0140997699062011
15.452,0.0132995991229413
15.472,0.0125775747464054
15.496,0.0118803997994779
15.512,0.0112656148425663
15.532,0.0106287064690399
15.556,0.00984730805816988
15.572,0.00904778511157293
15.592,0.00829941314705935
15.612,0.00770785692154917
15.632,0.00712003690120596
15.652,0.00657440431930192
15.672,0.00608306811921058
15.696,0.00562884682582763
15.712,0.00521039152645655
15.732,0.00472228374273248
15.752,0.00417980964655733
15.772,0.00361642398465548
15.792,0.00317767389982097
15.812,0.00282121735271019
15.836,0.00249102860876718
15.856,0.00219943136425308
15.872,0.0019057482113315
15.892,0.00166664084271337
15.912,0.00143931992139171
15.932,0.00123701470630314
15.952,0.00105699349931287
15.972,0.000929945551912872
15.992,0.00085887868562845
16.012,0.000819833893191238
16.032,0.00080765568011875
16.052,0.000816164384971202
16.072,0.000846150682250033
16.092,0.000893044501345648
16.112,0.000959546341825781
16.132,0.00105200618293784
16.152,0.00116952664585451
16.176,0.00130118458019175
16.192,0.00146274280493188
16.212,0.00162709132372291
16.232,0.00179687789842376
16.252,0.00196266829015218
16.276,0.00211072081190707
16.292,0.00225192628681797
16.312,0.00240617168909225
16.332,0.00260933844690869
16.352,0.00281863711943567
16.372,0.00303431774382488
16.396,0.00323008235748208
16.412,0.00338672105468099
16.432,0.0035290826646028
16.452,0.00366773563937905
16.472,0.00381694933246767
16.496,0.00395125543062274
16.512,0.00408608941490514
16.532,0.00419562560567295
16.552,0.00427425297826616
16.576,0.00433231297529284
16.596,0.00436456157743149
16.612,0.0043771376182992
16.632,0.00436706104808243
16.652,0.00432228126890584
16.676,0.00425800533049025
16.696,0.0041631579690744
16.712,0.00402893472023375
16.732,0.0038804068479814
16.756,0.00370880791531893
16.776,0.0035099649297498
16.792,0.00325034450243128
16.812,0.00298205550046911
16.832,0.0026750072029368
16.856,0.00233670550251417
16.872,0.00201094134854598
16.892,0.00166726531643252
16.912,0.00129869303543165
16.932,0.000864482757149778
16.952,0.000453518899761558
16.976,1.60390234780807e-05
16.992,-0.000419611096053236
17.012,-0.000802336289601375
17.032,-0.00119654314641996
17.056,-0.00162006327036354
17.076,-0.00212965784642156
17.092,-0.00261623719285515
17.112,-0.00312669939390689
17.132,-0.00360860688614868
17.152,-0.00410821545994272
17.172,-0.0046799956600431
17.192,-0.0052549041154961
17.212,-0.00581457232359636
17.232,-0.00627948459682528
17.252,-0.00675186569149704
17.272,-0.00718882726050988
17.292,-0.00763928168896574
17.312,-0.00805928986559582
17.332,-0.00846877820629391
17.352,-0.00890699160526779
17.376,-0.0093285569178305
17.392,-0.00973254261656029
17.412,-0.010055266620575
17.436,-0.0103577748311972
17.456,-0.0106433347921863
17.472,-0.0109681258344317
17.492,-0.0112634664600291
17.512,-0.0115099465541419
17.532,-0.0117301451638335
17.556,-0.0119005698381704
17.572,-0.01204897322735
17.592,-0.0121807579234599
17.612,-0.0123047764141882
17.636,-0.012394581189007
17.652,-0.0124658372653323
17.672,-0.0125060475608365
17.692,-0.0125081168853227
17.712,-0.0124854175949485
17.732,-0.0124443731311727
17.752,-0.0123755081342373
17.776,-0.0122941725335931
17.792,-0.0121946768542887
17.812,-0.012074142481813
17.832,-0.0119049495920372
17.852,-0.0116891657100734
17.872,-0.0114544540825105
17.892,-0.0111922998404387
17.912,-0.0109571224401217
17.932,-0.0107326007860605
17.952,-0.0105119544835859
17.972,-0.0102442256242294
17.996,-0.00994816009554311
18.012,-0.00965599370201084
18.032,-0.00935390692513848
18.052,-0.00907292672223614
18.072,-0.00875566253120144
18.096,-0.00841118047763438
18.112,-0.00798373321062192
18.132,-0.0075480129803724
18.152,-0.00718520890265126
18.172,-0.00686965148733116
18.192,-0.00659824470818123
18.212,-0.00629713676548913
18.232,-0.0059836433625589
18.252,-0.00561992808926911
18.272,-0.0052609131730535
18.292,-0.00493873469660265
18.312,-0.0045970252705885
18.332,-0.00425909350581325
18.352,-0.00393524882577326
18.372,-0.00365273662760694
18.392,-0.00339042887875343
18.412,-0.00316121011975653
18.432,-0.00293754576972043
18.452,-0.00267149902244574
18.472,-0.00241991406740369
18.492,-0.00217459414260861
18.512,-0.00197525280391183
18.532,-0.00181237379499619
18.552,-0.00165941135538302
18.572,-0.00152281347522135
18.592,-0.00138528800665182
18.612,-0.00127268424296071
18.632,-0.00116349531775879
18.652,-0.00105948575238615
18.672,-0.000948786882825371
18.692,-0.000852690578427789
18.716,-0.000784367956932811
18.732,-0.000735072021630775
18.756,-0.000704345617781242
18.772,-0.000682219416202074
18.792,-0.000666670748170421
18.816,-0.000653516503846152
18.832,-0.000652786972885846
18.852,-0.000666629497087947
18.872,-0.000686288629343118
18.896,-0.000712820902546839
18.912,-0.000744385403993293
18.932,-0.000776075285333411
18.952,-0.000811557471881117
18.972,-0.000853031566227119
18.992,-0.000905057903080609
19.012,-0.000962388787376891
19.036,-0.00102327441360228
19.052,-0.00107592558593594
19.084,-0.00112339352812898
19.092,-0.0011647311448125
19.116,-0.00120155440076404
19.132,-0.00124053654251312
19.152,-0.00127369847710937
19.176,-0.00130204502610645
19.192,-0.00132622609277732
19.212,-0.00134396382787265
19.232,-0.001352393103932
19.256,-0.00135315860119774
19.272,-0.00134384717808997
19.292,-0.00132830515442441
19.312,-0.00130458405537121
19.336,-0.00126964326318383
19.352,-0.00121331128919476
19.372,-0.00114907697552239
19.392,-0.00107159248265461
19.412,-0.000986684195862608
19.432,-0.000878053298212462
19.452,-0.000736200169116351
19.472,-0.000580658033558626
19.492,-0.000408637874885089
19.512,-0.000260032864764295
19.532,-0.000115933068222968
19.552,3.36009425601865e-05
19.572,0.00023187668418895
19.592,0.00047632230378551
19.612,0.000733208850614151
19.632,0.000991224113069463
19.652,0.00121749954394504
19.672,0.00144814647943195
19.692,0.00165590594045976
19.712,0.0018712283945588
19.732,0.00207984388278784
19.752,0.00229690332417864
19.772,0.00254425904226672
19.792,0.00278970660357682
19.812,0.0030210267982311
19.832,0.00320463277869638
19.852,0.0033824585789023
19.872,0.00354155516487776
19.892,0.00370157929949347
19.916,0.00384734951041546
19.932,0.00397949513424858
19.952,0.00410946773161936
19.972,0.00422604586350104
19.992,0.00433543939341185
20.012,0.00441926261510019
20.032,0.0044938907455455
20.052,0.00455706498125943
20.072,0.00460811694787156
20.092,0.00463596731642869
20.112,0.00464385563403192
20.132,0.00463847490887736
20.152,0.00461889281680308
20.172,0.00458550897238003
20.192,0.00453535650576697
20.212,0.00446171265823931
20.232,0.00437100402055758
20.252,0.00425413128284495
20.276,0.0041346862472708
20.296,0.00401428170722798
20.312,0.00388490733315433
20.336,0.00376090697130708
20.352,0.00362996138978274
20.372,0.00349082758809271
20.392,0.00332555629303834
20.412,0.00316745379155394
20.436,0.00299848197065454
20.452,0.00283390521949714
20.472,0.00266026622041694
20.492,0.00246808107885164
20.512,0.00227850826732824
20.532,0.00207768388362547
20.556,0.001886820020553
20.572,0.00165977249885283
20.592,0.00141923059787095
20.616,0.00116945675693612
20.636,0.000944845681380165
20.652,0.000767798607009983
20.676,0.000605731635156311
20.692,0.000443531802936446
20.712,0.000255116265990596
20.732,6.85262146557356e-05
20.752,-0.000133434720482806
20.772,-0.000317601732384654
20.792,-0.000490327595032791
20.812,-0.000646614726183278
20.832,-0.000777047053462077
20.852,-0.000894458083558839
20.872,-0.000986349848989833
20.892,-0.00107107839071524
20.912,-0.0011516628741134
20.932,-0.00123585806401092
20.952,-0.00130706632714313
20.972,-0.00137024475085998
20.996,-0.00141395705808948
21.012,-0.00143791756235365
21.032,-0.00144988000935717
21.052,-0.00145016574045695
21.072,-0.00143532735221152
21.092,-0.00140932213418214
21.112,-0.00137170864975045
21.136,-0.00130356441341012
21.152,-0.0012155030377374
21.172,-0.00112956701231194
21.196,-0.00103719213431926
21.212,-0.00094210309287993
21.232,-0.00082749395622916
21.252,-0.000691196527152671
21.272,-0.00053811180650451
21.292,-0.00037931018209911
21.312,-0.000229780755737296
21.332,-8.04219260463303e-05
21.352,7.07202786954914e-05
21.372,0.000241049562386788
21.392,0.000395488818638567
21.412,0.000555518930759309
21.432,0.000708494839357969
21.452,0.000863143877503527
21.472,0.00103036572877812
21.492,0.00119282738221169
21.512,0.0013656913003122
21.532,0.00151592842337334
21.552,0.00165285651047083
21.572,0.00177539256929305
21.592,0.00190233211452529
21.612,0.00202042217141147
21.632,0.00212716243443044
21.652,0.00223497428013424
21.672,0.00232415894893739
21.692,0.00241464485830519
21.712,0.00250387953648354
21.732,0.00258579836455638
21.752,0.00264697836496804
21.772,0.00268629662220582
21.792,0.00271138330843986
21.812,0.00272807348953202
21.832,0.00274344596087968
21.852,0.00274755682494294
21.872,0.00273914611912724
21.892,0.00272212874433639
21.916,0.00269966936573525
21.932,0.00266854939124403
21.952,0.00263567370925201
21.972,0.00260102807775106
21.992,0.0025552963258421
22.012,0.00247962789943299
22.032,0.00238719741366237
22.052,0.00229706839225563
22.072,0.00221341909900393
22.096,0.00214683235041898
22.116,0.00207873906688612
22.132,0.00199630087914753
22.152,0.00189292798396485
22.172,0.00179089846679476
22.192,0.00168442302788303
22.212,0.00158428317809094
22.236,0.00149418734570447
22.252,0.00140784532159527
22.272,0.00133522203575142
22.292,0.00126413174488834
22.312,0.00119147447623401
22.332,0.00110700766026317
22.352,0.00102782917407915
22.372,0.000947360727726149
22.392,0.000874480359294405
22.416,0.000816137598113426
22.432,0.000762103693159892
22.456,0.000710064090681305
22.476,0.000657110468999874
22.492,0.000614556907147424
22.516,0.000579978626915967
22.532,0.000556775058706836
22.556,0.000541111912570211
22.572,0.000524911105967661
22.592,0.000508796072008749
22.612,0.000492744016094647
22.632,0.000482591751748604
22.652,0.000477401710742215
22.672,0.000475542102965635
22.692,0.000477563806903746
22.712,0.000484767400891333
22.732,0.000497621144343663
22.752,0.000520265070701645
22.772,0.000549460528406347
22.792,0.00057759716381202
22.812,0.000605596008453792
22.832,0.000633856998749166
22.852,0.00066831516084412
22.872,0.000706157949579473
22.892,0.000748529591305883
22.916,0.000788073551916063
22.932,0.000830125274726933
22.952,0.000877935755927685
22.976,0.000925766243095084
22.992,0.000975606750190757
23.012,0.00102107456515261
23.032,0.00106565945247998
23.056,0.00110458685849528
23.072,0.00113900725991056
23.092,0.00116407700659273
23.112,0.00118255789860998
23.132,0.00120006164130237
23.152,0.00121440206963878
23.172,0.00122618445969703
23.192,0.00123258807037049
23.212,0.00123601189594425
23.232,0.00123772035178746
23.252,0.00123730313552958
23.272,0.00123457376907976
23.292,0.00122584959037486
23.312,0.00121205195828837
23.336,0.00118664715130604
23.356,0.00114971371639432
23.372,0.00110876444105545
23.392,0.00105922751743377
23.412,0.00100190673161106
23.432,0.000927328953667607
23.452,0.00084372499173827
23.476,0.000743111606765266
23.492,0.000639950161925409
23.512,0.000550180365765514
23.532,0.000457852389284162
23.552,0.000356774860714336
23.572,0.000225763790413398
23.592,7.05603691027376e-05
23.612,-0.000111818796909994
23.636,-0.000267422256945846
23.652,-0.000404085702841867
23.672,-0.000538674941707222
23.692,-0.000694318244615972
23.712,-0.000893768013255355
23.732,-0.00110404551155538
23.752,-0.00132062326372548
23.772,-0.00149759621788727
23.792,-0.00166620779981108
23.812,-0.00184263979786562
23.836,-0.00202641175134274
23.852,-0.00222305282177026
23.876,-0.00243422602588298
23.892,-0.0026863665909788
23.912,-0.00294160769207679
23.932,-0.00317697456668942
23.952,-0.00337553135426695
23.972,-0.00354405740375765
23.992,-0.0037182845533589
24.012,-0.00390989672553205
24.032,-0.00414665873120922
24.052,-0.00435436390680054
24.076,-0.00453703916697421
24.092,-0.00471749141784945
24.116,-0.00487348780097837
24.132,-0.0050183571019425
24.152,-0.00515341493760399
24.172,-0.00529302777694538
24.192,-0.00540956170108543
24.212,-0.00552470114881975
24.232,-0.00562726427090656
24.252,-0.00571463290399643
24.272,-0.00579527859661643
24.292,-0.00586332152713119
24.312,-0.00591984961058857
24.332,-0.00595169850015364
24.352,-0.00596792565008556
24.372,-0.00596805288534837
24.392,-0.00594607260796062
24.412,-0.00590861390548783
24.432,-0.0058540497461422
24.456,-0.00578665662975113
24.472,-0.00571818973114875
24.492,-0.00564282572981866
24.516,-0.0055555798356036
24.532,-0.00544930395240602
24.552,-0.0053328333415373
24.572,-0.00518741046684491
24.592,-0.00504862679457792
24.612,-0.00491532447633349
24.632,-0.00478133402033873
24.652,-0.0046338662120844
24.672,-0.0044571477151123
24.692,-0.00427147902199183
24.724,-0.00407037452317476
24.736,-0.00389731573134254
24.752,-0.0037327879338676
24.772,-0.0035672316806205
24.792,-0.00340152549430224
24.812,-0.00322173807841914
24.832,-0.00303829457694866
24.852,-0.00285356463131015
24.872,-0.00268220111389623
24.892,-0.00252158267301536
24.912,-0.00238224486279101
24.932,-0.0022477067501721
24.952,-0.00208943976481666
24.972,-0.00194329226757685
24.992,-0.00179269695116169
25.012,-0.00165036664155306
25.032,-0.00153099293333759
25.052,-0.0014220311874416
25.072,-0.00132181758463024
25.092,-0.00121745830916417
25.112,-0.00112972442222587
25.132,-0.00103941101234051
25.152,-0.000956044564783609
25.172,-0.000878022466676581
25.192,-0.000796736851605175
25.216,-0.000720374702250306
25.232,-0.000651954032954745
25.256,-0.000603805502526448
25.272,-0.000562915331203027
25.296,-0.000527842442592928
25.312,-0.000490036995433935
25.332,-0.000455625743927755
25.352,-0.000431198162410802
25.372,-0.000414602749723232
25.392,-0.000404791754454389
25.412,-0.0003970341065086
25.432,-0.000390538894050605
25.452,-0.000382348595981575
25.472,-0.000375984927657675
25.492,-0.000370872738764416
25.516,-0.000365977107064065
25.532,-0.000361819327489367
25.552,-0.00035685146606166
25.572,-0.000350680372642493
25.592,-0.000341909708109619
25.612,-0.000331075045521398
25.632,-0.000316534624709127
25.652,-0.000301417156740564
25.672,-0.00028702569575981
25.692,-0.000273666157819537
25.712,-0.00026153706775122
25.732,-0.000250406250596271
25.752,-0.000240836135591143
25.772,-0.000231372765720897
25.792,-0.000224401363162536
25.812,-0.000217320547334624
25.832,-0.000209944619585735
25.852,-0.000199198766335836
25.872,-0.00018395821247572
25.892,-0.000165865164868074
25.916,-0.00014439950840955
25.932,-0.000121533586051629
25.952,-9.27740135254598e-05
25.972,-6.33735711229171e-05
25.996,-2.93973144509132e-05
26.012,8.7712304501995e-06
26.032,4.5590202934696e-05
26.052,8.74655991561436e-05
26.072,0.000135305473156006
26.092,0.000188658181911377
26.112,0.000236278029144336
26.136,0.000281597259794221
26.152,0.00032041747208397
26.176,0.000352099745817963
26.192,0.000386745071767456
26.212,0.000421164214902983
26.232,0.000453932714030215
26.252,0.000481744288921175
26.272,0.000506833390651896
26.292,0.00052707671290027
26.312,0.000545072489883721
26.332,0.00056385699639067
26.352,0.000578910713715898
26.376,0.00059196741121691
26.392,0.00060104123132745
26.412,0.000606310845755153
26.432,0.000609534370835504
26.452,0.000610379256114632
26.472,0.000608442639959863
26.492,0.000602767862035012
26.512,0.000593152613642963
26.532,0.000581629103819378
26.552,0.000569735165656963
26.572,0.000558493503272404
26.592,0.000549322765898576
26.616,0.000542207656175757
26.632,0.000536811779394228
26.652,0.000533348901128184
26.672,0.000533302065846326
26.692,0.000537057381330948
26.712,0.000542968735406208
26.732,0.000552566122657439
26.752,0.000565789361422638
26.776,0.000580531474707876
26.792,0.000601361407302598
26.816,0.00062566855920752
26.832,0.000652397089299013
26.852,0.000679932286941388
26.872,0.000712507872687855
26.896,0.000746514734313863
26.916,0.000787058442837949
26.936,0.000833991312759419
26.952,0.000876549000481712
26.972,0.000919086831122463
26.992,0.000960641849462628
27.012,0.00100654102055686
27.032,0.00105598165279948
27.052,0.00111719582620117
27.076,0.00117741284742186
27.096,0.00123288846690354
27.112,0.00128351276229295
27.132,0.00132301088217695
27.152,0.00136340028186859
27.172,0.00141003127003784
27.192,0.00147452751580693
27.212,0.00154523605601611
27.232,0.00161055257799835
27.252,0.00166611590324487
27.272,0.00171516885249102
27.292,0.00176835303439427
27.312,0.00182625200097412
27.332,0.00189241922106964
27.352,0.00195207082902312
27.372,0.00200608982748789
27.392,0.002055054272968
27.42,0.00209885748940689
27.432,0.00213933776468046
27.452,0.00217762639143998
27.472,0.00221403388992468
27.492,0.00224753926048001
27.512,0.00228297020368206
27.532,0.00231343129799561
27.564,0.00234143458370729
27.572,0.00236943208951998
27.592,0.00239524197467321
27.612,0.00241902567172797
27.632,0.00244774344856738
27.652,0.00248287610107607
27.672,0.00251846139380277
27.692,0.00255649950064463
27.716,0.00259156739884661
27.732,0.00262525356653117
27.756,0.00265985375475919
27.776,0.00269253232955569
27.792,0.00272584917366929
27.812,0.00275520870666889
27.832,0.00278510272931153
27.856,0.00281526724402487
27.872,0.00285128905049986
27.892,0.00288483762156572
27.912,0.00291585993354384
27.936,0.00294680212247097
27.952,0.00297958628465963
27.972,0.00301605833871505
27.996,0.00305173515291702
28.012,0.00308744574362817
28.032,0.00311859895989446
28.052,0.00315036142346046
28.072,0.00318038879150786
28.092,0.00320832903825527
28.112,0.0032293705476796
28.132,0.00324383379120672
28.152,0.00325509146672244
28.172,0.00326307268966835
28.192,0.00326892928165301
28.216,0.00327110108804801
28.236,0.00327020166883255
28.252,0.00326601568578081
28.272,0.0032585612617894
28.292,0.00324860366703667
28.312,0.003237914012476
28.336,0.003226464628646
28.352,0.00321424900936245
28.372,0.00319686471758372
28.392,0.00317732115598795
28.412,0.00315513595293433
28.432,0.00313239679528562
28.452,0.0031064585449818
28.472,0.00307638055566243
28.492,0.00304582113500234
28.512,0.0030135321691373
28.532,0.00298245424026606
28.552,0.00294504847887343
28.576,0.002906915674245
28.592,0.00286526277848559
28.612,0.00282400137965671
28.632,0.00277803007133638
28.652,0.00272287657670677
28.672,0.00266549044667877
28.692,0.00260746755498128
28.712,0.00255569837027815
28.732,0.00249691050090606
28.752,0.00243837984530381
28.772,0.00237387138703013
28.792,0.00230840571653562
28.812,0.00223784947106221
28.832,0.00215942044420106
28.852,0.00208210806774239
28.872,0.00200371562519455
28.896,0.00193312526482416
28.912,0.00185843233287261
28.936,0.00178125547321645
28.956,0.00169433936559405
28.972,0.00161091438674057
29.004,0.00152812658445142
29.012,0.00145226083289287
29.032,0.00138570331200798
29.052,0.00132260769740483
29.072,0.00125852597503879
29.092,0.00118786310980612
29.116,0.00112000992641832
29.132,0.00105492325421661
29.152,0.00100111725129273
29.176,0.000946218493786399
29.196,0.000895047512316722
29.212,0.000844069083701772
29.232,0.00079895443222353
29.252,0.000763355740544827
29.272,0.000727903626032119
29.292,0.000694354174107486
29.312,0.000660802394137924
29.332,0.000630399706596298
29.352,0.000596794513194408
29.376,0.000563911977007709
29.392,0.000534226097695384
29.412,0.000507265532857381
29.432,0.000487623191208047
29.452,0.000470090389357154
29.472,0.000455036067862876
29.492,0.000441099512688124
29.512,0.000430689103315317
29.532,0.000424412256913754
29.552,0.000419840637145332
29.576,0.000415999313829046
29.592,0.000410438331354081
29.612,0.000405546565995853
29.636,0.000398711668241483
29.656,0.00038981163097784
29.672,0.000379908911551602
29.692,0.000364173095024806
29.712,0.000341111536604992
29.732,0.000305035989878164
29.752,0.000264368774454041
29.776,0.000216797365405356
29.792,0.000164316394167105
29.812,0.000113522363040109
29.836,5.63178855448502e-05
29.852,-9.57399077685411e-06
29.872,-8.86438520888541e-05
29.892,-0.000173763503811436
29.916,-0.000278077181846524
29.932,-0.000377275383187322
29.952,-0.000469513092240391
29.972,-0.000558827815646221
29.992,-0.00065069048674294
30.012,-0.000748644756343239
30.032,-0.000859831339272722
30.052,-0.000980752687745903
30.072,-0.00108428623845042
30.092,-0.00118708815647128
30.112,-0.00128847224098039
30.132,-0.00140751953298357
30.152,-0.00153034852570882
30.172,-0.00165508582988972
30.192,-0.00176546508193692
30.212,-0.00185196676494471
30.232,-0.00193327800143121
30.252,-0.00201692928930048
30.272,-0.00211467742026516
30.292,-0.00221206039605251
30.312,-0.00232213766330792
30.332,-0.0024203075707231
30.352,-0.00250354973864055
30.372,-0.00257901886884323
30.392,-0.00264868971752779
30.412,-0.00271923731459322
30.432,-0.00278358753378839
30.452,-0.00284486627134496
30.472,-0.00289310533225876
30.492,-0.00293554837477807
30.512,-0.0029698270403349
30.532,-0.0029968992150779
30.552,-0.00300961853544519
30.576,-0.00300364675874106
30.596,-0.00299045186775427
30.616,-0.00296493071259963
30.632,-0.00292855233410617
30.652,-0.00287533469570818
30.672,-0.00280873193516728
30.692,-0.00273887396158954
30.712,-0.00266305467435051
30.732,-0.00258460922857651
30.756,-0.00248329331257784
30.772,-0.00237523009017809
30.796,-0.00225837449529048
30.812,-0.0021444868844262
30.832,-0.00202155249694773
30.852,-0.00188313206469629
30.872,-0.00174581805551003
30.892,-0.00159603747286512
30.912,-0.00146374775993019
30.932,-0.00133260493924539
30.952,-0.00119580430889088
30.972,-0.0010602045668536
30.992,-0.000922595788666464
31.012,-0.000785784147305144
31.032,-0.00064876422194259
31.052,-0.000526383375640181
31.072,-0.000395208215948727
31.092,-0.00027106592026138
31.112,-0.000158674184808624
31.132,-4.08628750312099e-05
31.152,6.59536158937731e-05
31.172,0.000184464903550543
31.192,0.000304818183676456
31.212,0.000411508117998851
31.232,0.000493840460015885
31.252,0.000557171530696272
31.272,0.00061759857992988
31.292,0.000677117572964496
31.316,0.000737315190097096
31.336,0.000777924166390909
31.352,0.000796379071083752
31.372,0.000798793880500934
31.392,0.000788026079061058
31.412,0.000760120690711802
31.432,0.000722666153907045
31.452,0.000673921853037298
31.472,0.000608987903593812
31.492,0.000522579311972157
31.512,0.000425369100493166
31.532,0.000329943044001216
31.552,0.000233910481034065
31.572,0.000142641441785527
31.596,2.60793004812898e-05
31.612,-9.91258745902794e-05
31.636,-0.000236003423919081
31.656,-0.000372316734234161
31.672,-0.000492414003403466
31.692,-0.000621068420120346
31.712,-0.000765820655490725
31.736,-0.000937633307081082
31.752,-0.00109734063717436
31.772,-0.00125880548141259
31.792,-0.00140902630201323
31.812,-0.00153947201115793
31.832,-0.00168366595065113
31.852,-0.00184455323345301
31.872,-0.0020438602192084
31.892,-0.00224450052993655
31.916,-0.00244912083415417
31.932,-0.00262901857621952
31.952,-0.00279083948480801
31.976,-0.00294894763214491
31.992,-0.0030929390593936
32.012,-0.00323324024727716
32.032,-0.00334719128893082
32.052,-0.00346333487805031
32.072,-0.00357231595477956
32.092,-0.00367812073675571
32.112,-0.0037726747576503
32.136,-0.0038507170279516
32.152,-0.0039237257718651
32.176,-0.0039925058085994
32.192,-0.00406275815017139
32.212,-0.00412126018478581
32.232,-0.00418027525283275
32.252,-0.00423237548157749
32.272,-0.00427105579402265
32.292,-0.00430027770180714
32.312,-0.00431847118538748
32.336,-0.00432916780498145
32.352,-0.00433197523436062
32.372,-0.00432625763465816
32.392,-0.00430857065896359
32.416,-0.00427598070498304
32.432,-0.004237817770823
32.452,-0.00419228929686754
32.472,-0.00413976328146874
32.492,-0.00407504686945169
32.512,-0.00400004606106599
32.532,-0.00392500811178464
32.552,-0.00384629382936097
32.576,-0.00376842505130591
32.592,-0.00367431337912639
32.612,-0.00356589598452956
32.632,-0.00342917423546466
32.656,-0.00329672951370523
32.672,-0.00316962638890976
32.696,-0.0030434008571265
32.712,-0.002906207979627
32.732,-0.00275016283596443
32.752,-0.00259428649008014
32.772,-0.00243237075531206
32.792,-0.00228154168091315
32.812,-0.00211689887586677
32.832,-0.00194249354110672
32.852,-0.00174471394994568
32.872,-0.00155378400934703
32.892,-0.00136136714803599
32.912,-0.00118206245839398
32.936,-0.00102238276772044
32.952,-0.000869133618429302
32.972,-0.000740100805037654
32.996,-0.000612232417824172
33.012,-0.000480391536972852
33.032,-0.000327882491275337
33.052,-0.000187435416053768
33.072,-4.44056670888659e-05
33.092,8.56344273972669e-05
33.112,0.000212235047094081
33.132,0.000350453965942149
33.152,0.000484508664526512
33.172,0.000610919513915618
33.192,0.00070998858319422
33.212,0.000805224444837259
33.232,0.000890296266927493
33.252,0.000974974404002804
33.272,0.00105060611583796
33.292,0.0011169415672627
33.312,0.00118072849661309
33.332,0.00123707221547186
33.352,0.00128886034009471
33.372,0.001325378292502
33.392,0.00135260137538645
33.412,0.00137153625513061
33.432,0.00138608354681173
33.452,0.00139295746784956
33.472,0.00139378692220379
33.496,0.00138891633240641
33.512,0.00137802886356971
33.532,0.00136267249455853
33.552,0.00134352679813012
33.576,0.00132429822943504
33.592,0.00130397967330246
33.612,0.00128081018704842
33.632,0.00125284608708234
33.656,0.00122243256283906
33.672,0.00118445810310719
33.692,0.00114374245677964
33.712,0.00109954091217493
33.732,0.00105708727955273
33.752,0.00102016370293706
33.772,0.00098783482199005
33.796,0.00096239210167454
33.812,0.000937903778989565
33.836,0.000913702396870259
33.852,0.000889401364271892
33.876,0.00087009046863821
33.892,0.000854589424250335
33.912,0.000845908433989016
33.932,0.000842640189691629
33.952,0.000841701280292688
33.972,0.000843680018336737
33.992,0.000850643805482044
34.012,0.000861730226687142
34.032,0.000876569277570912
34.052,0.000894185246983127
34.072,0.000911247615316636
34.092,0.000929875915682592
34.112,0.000951764275751355
34.132,0.000978743408625844
34.152,0.00100550328451094
34.172,0.00103162105622424
34.192,0.0010538747242497
34.212,0.00107098155814154
34.232,0.00108525522358953
34.252,0.00109725973908434
34.272,0.00110920217512428
34.292,0.0011194005961605
34.312,0.00113183282144619
34.332,0.00114379422852037
34.352,0.00115454830224424
34.372,0.00116502739601385
34.392,0.00117396785499895
34.412,0.00118222185351235
34.432,0.00118985401561423
34.452,0.0011978010807071
34.472,0.00120456026351011
34.492,0.00121169630816334
34.512,0.00121857629491143
34.536,0.00122438544118005
34.552,0.00123001515941025
34.572,0.00123562332665688
34.592,0.00124223188151923
34.616,0.00124847720554166
34.632,0.00125517749093853
34.652,0.00126163039033199
34.672,0.00126716670960472
34.692,0.00127340986621618
34.712,0.00128103186202703
34.732,0.00129134403307254
34.752,0.00130359917803437
34.772,0.00131942864019229
34.792,0.00133707303449843
34.812,0.00135847332078741
34.836,0.00138088920181205
34.852,0.00140224814621448
34.872,0.00142252580717531
34.892,0.00144031625780709
34.912,0.00145550142189311
34.936,0.00146735391197303
34.952,0.00147568202498428
34.972,0.00147848113834595
34.996,0.00147924164893057
35.012,0.00147871361492051
35.032,0.0014771942195124
35.052,0.00147577612139978
35.072,0.00147254970881228
35.092,0.00146753458204644
35.116,0.00145674023514511
35.136,0.00143951547661276
35.152,0.00141885529968678
35.172,0.00139147855866521
35.192,0.0013578911406344
35.212,0.00130794176660156
35.232,0.0012491750465864
35.252,0.00118130364837772
35.272,0.00111093681313417
35.292,0.00104756817281253
35.312,0.000976842873309485
35.332,0.000903404654310463
35.352,0.000824014542153795
35.372,0.000744204475030142
35.392,0.000650005667320557
35.412,0.000550844995365571
35.432,0.000454663520101765
35.452,0.000352845952099761
35.472,0.00025643478173323
35.492,0.000140096536621477
35.512,1.56962250181268e-05
35.532,-0.000116033968517575
35.552,-0.000238050627133231
35.572,-0.000337073728430164
35.592,-0.00043036570620604
35.612,-0.000526420010779906
35.636,-0.000642670530132278
35.66,-0.000763692670288993
35.672,-0.000897528611127534
35.692,-0.00101262500286885
35.716,-0.00110586657694471
35.732,-0.00118789593960894
35.752,-0.00125369252910738
35.776,-0.00132048679030143
35.792,-0.00138854684848139
35.812,-0.00146468789604868
35.836,-0.00153425348066387
35.852,-0.00160108463056086
35.872,-0.00165546061705262
35.892,-0.00169384952351208
35.912,-0.00172465318468822
35.932,-0.00175026850257669
35.952,-0.00177438805207497
35.972,-0.00179032692604903
35.992,-0.00179975822159778
36.012,-0.00180148079934981
36.032,-0.00179453066598228
36.052,-0.00178232036500362
36.072,-0.00176246144205523
36.092,-0.00173747199795263
36.112,-0.00170457349909764
36.132,-0.00166677457927564
36.152,-0.00163175503159651
36.172,-0.00159337384818928
36.192,-0.00155758632665085
36.212,-0.00151927416725039
36.232,-0.00147498355554093
36.252,-0.00142837480470189
36.272,-0.00138012969152528
36.292,-0.00132851668607481
36.312,-0.0012659955703411
36.332,-0.00120199812723097
36.352,-0.00114257737562905
36.372,-0.00109148918962272
36.392,-0.00104683810737343
36.412,-0.000997859658161416
36.432,-0.000941289949224159
36.452,-0.000872744579000319
36.472,-0.000808449360528473
36.492,-0.000746476899523735
36.512,-0.000686787557594684
36.532,-0.000627510419205375
36.552,-0.000572398056111567
36.576,-0.000523993617871166
36.596,-0.00047820245984892
36.612,-0.000440290104531812
36.636,-0.000403361841889747
36.652,-0.00036574344483268
36.672,-0.0003219979975786
36.692,-0.000281787925368082
36.712,-0.000239887298805441
36.736,-0.000199561626425852
36.756,-0.000164761261707983
36.772,-0.000129052013084006
36.792,-9.19045351825072e-05
36.812,-5.18392612201571e-05
36.832,-1.64848339129267e-05
36.852,1.3410014678508e-05
36.872,3.5329824093259e-05
36.896,5.22745335523338e-05
36.912,7.18050038975186e-05
36.932,9.50587831877667e-05
36.952,0.000125283773967957
36.972,0.000156379284269218
36.992,0.000193410474463972
37.012,0.000231367678137485
37.032,0.00026972026616832
37.052,0.000309250543531619
37.072,0.000353552564814729
37.096,0.000405870257195435
37.112,0.000459832939259035
37.132,0.000515919414572483
37.152,0.000561754608519967
37.172,0.000603453777916062
37.192,0.000643752352658732
37.212,0.000694124202425513
37.232,0.000750972282579617
37.252,0.000807188874738957
37.272,0.000866499006750347
37.292,0.000923719963897409
37.312,0.000992734050167011
37.336,0.00106507843756995
37.352,0.00114012577484232
37.372,0.00120807858731986
37.392,0.00126256959344707
37.412,0.00132089448167765
37.436,0.0013814128826917
37.456,0.00144862304947233
37.472,0.0015184529775859
37.492,0.0015871075750904
37.516,0.00164782273566528
37.532,0.00170448677203711
37.552,0.00176155175302447
37.572,0.0018105736840749
37.592,0.0018607271313058
37.612,0.00190300565435781
37.64,0.00193660254002316
37.652,0.0019637531362903
37.672,0.0019826009601466
37.692,0.00199731211170668
37.712,0.00200675600418554
37.732,0.00201374221847253
37.752,0.0020178630888352
37.772,0.00201882948827791
37.792,0.00201435509799601
37.812,0.00200250187631526
37.832,0.00198321880711566
37.852,0.00195474938352071
37.872,0.0019245462906554
37.892,0.00189370550106052
37.912,0.00186302685985757
37.932,0.00182813816718211
37.952,0.0017874512375883
37.972,0.00174642656195314
37.992,0.00170235634345966
38.012,0.00165896445911537
38.032,0.00160845011653775
38.052,0.00155870677208232
38.076,0.00150741929194038
38.092,0.00145947270819926
38.112,0.0014075292473185
38.132,0.00134688716845694
38.152,0.00128611321006632
38.172,0.00121923402996272
38.192,0.00115979756486759
38.212,0.00110028015076389
38.232,0.00103917580321181
38.252,0.000965227447641901
38.276,0.000882041096535082
38.292,0.000797318185788874
38.312,0.000711646942055049
38.332,0.000636803006264529
38.352,0.000557372649204135
38.372,0.000481831867411707
38.396,0.000402409964087938
38.412,0.000326324601255413
38.432,0.000249694607272233
38.452,0.00016788122422093
38.476,8.93077568657279e-05
38.492,8.83585692089776e-06
38.512,-6.31278519443177e-05
38.532,-0.000142820953781721
38.556,-0.000224156858101114
38.572,-0.00030654641638219
38.592,-0.000377847625570613
38.612,-0.000432052313299679
38.632,-0.000479420817568809
38.652,-0.000523333776445697
38.676,-0.000571802519251555
38.692,-0.000616646700309235
38.712,-0.000661852304579106
38.732,-0.000699168927404607
38.752,-0.000729084887096865
38.772,-0.000754132068215727
38.792,-0.000771482695520995
38.816,-0.000784298199647619
38.832,-0.000791456860742499
38.852,-0.000793783683834052
38.872,-0.000790610579319788
38.892,-0.000778614445377056
38.912,-0.000761078891214765
38.932,-0.000736770688040146
38.952,-0.000706712413392571
38.972,-0.000663937198909489
38.992,-0.0006054922688663
39.016,-0.000539934347705286
39.036,-0.000470650375062794
39.052,-0.000404972022883244
39.072,-0.000334292095329824
39.092,-0.000259184900611741
39.112,-0.000165333417429528
39.136,-7.38164184844395e-05
39.156,1.32859823022474e-05
39.172,0.000100959837284555
39.192,0.000178979498812977
39.212,0.000265895349533933
39.232,0.000356134558921275
39.252,0.000446583501164185
39.272,0.000527069546543749
39.292,0.000614204614147951
39.312,0.000699713222304513
39.332,0.000780295310183795
39.352,0.000866545668705607
39.372,0.000945746024269115
39.392,0.00103193574296969
39.412,0.00111767879795441
39.432,0.00120196649535761
39.452,0.00127170217868012
39.472,0.00132202836057172
39.492,0.00136511516525369
39.512,0.00140505202736455
39.532,0.00144958290770808
39.552,0.00148900729038472
39.572,0.00152347710561656
39.596,0.00154645338129135
39.612,0.0015583739639552
39.632,0.00156304790541623
39.652,0.0015606342737303
39.672,0.00155133507591645
39.692,0.00153268400267144
39.712,0.00150404711075922
39.736,0.00146871074917634
39.752,0.00142419818408967
39.772,0.0013781241454997
39.792,0.0013333641537982
39.812,0.00129121615124925
39.832,0.00125654941644966
39.852,0.00122188653207515
39.876,0.00118374014418067
39.892,0.00113471577172502
39.912,0.00108563953369256
39.936,0.0010353618634856
39.952,0.000989573823480731
39.972,0.000951711437917141
39.992,0.00091204803382693
40.012,0.000867716995583128
40.032,0.000813492966807655
40.052,0.000755777119812475
40.072,0.000687148950505058
40.092,0.000624059276225226
40.12,0.000565563123041261
40.132,0.000506026900874525
40.152,0.000452694313457808
40.172,0.000393560520068185
40.192,0.000333852389813998
40.212,0.000273310540366067
40.232,0.000216058119210031
40.252,0.000150828332606651
40.272,8.31978916804516e-05
40.296,1.83897112230038e-05
40.312,-4.52591960309617e-05
40.336,-9.32750346452239e-05
40.352,-0.000134209885199625
40.372,-0.00017196464741588
40.392,-0.000216104736706127
40.416,-0.000263496875874082
40.432,-0.000308305926114953
40.452,-0.00034848212878293
40.476,-0.000377549826932621
40.492,-0.000402722639940935
40.512,-0.000423278102209761
40.532,-0.000442479455432106
40.556,-0.000458259844382954
40.572,-0.000469071176451615
40.592,-0.000477460062675156
40.616,-0.000483898726650002
40.632,-0.000488937159570991
40.652,-0.00049112613471134
40.672,-0.000491717629919972
40.692,-0.000490451978264759
40.712,-0.000486812003998446
40.732,-0.000481736878990806
40.752,-0.000475828390295056
40.772,-0.00046831287759769
40.792,-0.0004591255827262
40.812,-0.000445349551600722
40.832,-0.000429479814527835
40.852,-0.000411396121365375
40.876,-0.0003913051260632
40.892,-0.00037179134543726
40.924,-0.000351898163874925
40.932,-0.00033267482464206
40.952,-0.000317304116251048
40.972,-0.000306492836010804
40.992,-0.000296446192851037
41.012,-0.000288762648222071
41.032,-0.000283670175035065
41.052,-0.000283477847141161
41.076,-0.000289679598858203
41.092,-0.000300565462686983
41.112,-0.000313114038260843
41.132,-0.000328632654705655
41.156,-0.000346526017656701
41.172,-0.000365261451683508
41.196,-0.00038580384700248
41.212,-0.000406339570777656
41.232,-0.000432148942169671
41.252,-0.000459922782585358
41.272,-0.000490032896990921
41.292,-0.000518450539423115
41.312,-0.00054782424132352
41.332,-0.000580088600195141
41.352,-0.000612375363128231
41.376,-0.000648087765120612
41.396,-0.000683292461533214
41.412,-0.000726317870151664
41.432,-0.000773270982128169
41.452,-0.00081691631383108
41.472,-0.000854581923967391
41.496,-0.000887737841165572
41.512,-0.000925351134859371
41.532,-0.000965510490066155
41.552,-0.00101048905831965
41.572,-0.00105246602108278
41.592,-0.00108857086194258
41.612,-0.00112372873516179
41.632,-0.00115858501923505
41.652,-0.00119473241140629
41.672,-0.001226904892157
41.692,-0.00126174579572113
41.712,-0.00129264123383644
41.732,-0.00131808383369993
41.752,-0.00134046287705699
41.772,-0.00135709046232228
41.792,-0.00137088395125757
41.816,-0.0013823285310523
41.832,-0.00139237570867186
41.852,-0.00139926184432319
41.872,-0.00140440472315787
41.892,-0.00140495137913962
41.912,-0.00140046411145155
41.932,-0.00138766668630398
41.956,-0.00136537711523617
41.972,-0.00133258275995088
41.992,-0.00129789560822932
42.012,-0.00126236274512802
42.032,-0.00122601077646421
42.052,-0.00119230731231695
42.072,-0.00115339615345005
42.092,-0.00111295833822483
42.112,-0.00107183485540358
42.132,-0.00103317417715361
42.152,-0.000989108447869934
42.172,-0.000942689086629114
42.192,-0.000897137269257484
42.212,-0.000851779054110428
42.232,-0.000813497948095499
42.252,-0.000773656588048148
42.272,-0.000735120332469318
42.292,-0.000698027769659004
42.312,-0.000664878318499152
42.332,-0.000638032344447173
42.356,-0.000614383759149129
42.372,-0.000592897374643169
42.392,-0.000574340088546938
42.412,-0.000564726070198818
42.432,-0.000560471577167714
42.452,-0.00056122265638861
42.472,-0.000566335688955937
42.492,-0.000575532692927602
42.512,-0.000587986033591945
42.532,-0.000602610993793377
42.552,-0.000617296137043934
42.572,-0.00063491572587376
42.592,-0.000656589083808207
42.612,-0.000679743822319369
42.632,-0.000706143677968794
42.652,-0.000733282179306474
42.672,-0.00076356630009038
42.692,-0.000795989253808598
42.712,-0.00083476704687344
42.732,-0.000870783347812663
42.752,-0.000904229123379015
42.772,-0.000937998074364223
42.796,-0.000967872453753606
42.812,-0.00100069522547059
42.836,-0.00103453077895699
42.852,-0.00106802861733154
42.876,-0.00109718047775385
42.892,-0.00112807193259099
42.912,-0.00115772158057077
42.932,-0.00118530864411071
42.952,-0.00121459679748937
42.972,-0.00124108911847353
42.992,-0.00126838237354327
43.012,-0.00129560804246841
43.032,-0.00132558968290093
43.052,-0.0013516254824286
43.072,-0.00137333503595822
43.092,-0.00139344712542728
43.112,-0.00140974942810164
43.132,-0.00142536418033365
43.156,-0.001440711968975
43.172,-0.00145712877068583
43.192,-0.00147145292871216
43.212,-0.00148449958213709
43.232,-0.0014939669401654
43.252,-0.00149961120216252
43.272,-0.00150319511640914
43.292,-0.00150534064823646
43.312,-0.00150754678804614
43.332,-0.00150875009265966
43.352,-0.00151020038673046
43.372,-0.00151186966792845
43.392,-0.00151452062475516
43.412,-0.00151888797462567
43.432,-0.00152414073669547
43.452,-0.00152989783576211
43.472,-0.00153530094969496
43.492,-0.00153973596705596
43.512,-0.00154289086029805
43.532,-0.00154500599927325
43.552,-0.00154568466646217
43.572,-0.00154474588119293
43.592,-0.00154288450806728
43.612,-0.00154040998328919
43.632,-0.00153725345734936
43.652,-0.00153310250872143
43.672,-0.00152641819221539
43.692,-0.00151715762443563
43.712,-0.00150085045258993
43.732,-0.00148065646775481
43.752,-0.0014562641339987
43.772,-0.00142913841817961
43.792,-0.00139616005443908
43.812,-0.00135821213467428
43.832,-0.00131983498684494
43.852,-0.00127469536944908
43.872,-0.00122402133314965
43.892,-0.00115246899707942
43.912,-0.00107018700957768
43.936,-0.000980858895093433
43.952,-0.000895541625729117
43.972,-0.000824625607565119
43.992,-0.000755960593997906
44.012,-0.000681813894066746
44.032,-0.000592325402782634
44.052,-0.000499553457331409
44.072,-0.000392561183083093
44.092,-0.000299276900508783
44.112,-0.00021284490152326
44.132,-0.000130010055703669
44.152,-5.19560399903872e-05
