time,vel_sp,vel,theta,acc_sp
0,0,0,-1,-0.0505390896381536
0.02,0,-0.00116299738740164,-0.998861024451161,-0.0505390896381536
0.04,0,-0.00245875157512895,-0.99531840839595,-0.0403881649552608
0.06,0,-0.00374754867529325,-0.989368560760953,-0.0296825067148731
0.08,0,-0.00500939212999,-0.981023331017539,-0.0296825067148731
0.1,0,-0.00622170467450496,-0.970309860069844,-0.0188601766138155
0.12,0,-0.00736671425580352,-0.95727003381866,-0.00811197806314164
0.14,0,-0.008435151436598,-0.941956949749178,-0.00811197806314164
0.16,0,-0.00942482408836526,-0.924430351398122,0.00243695679389666
0.18,0,-0.0103366713959754,-0.904754716307552,0.0127301034679133
0.2,0,-0.0111776894890781,-0.882995928508615,0.0127301034679133
0.22,0,-0.0119515648261801,-0.859221283274274,0.0227588995616164
0.24,0,-0.0126675322866712,-0.833498228280632,0.032526131779613
0.26,0,-0.0133286965541408,-0.805894536864027,0.032526131779613
0.28,0,-0.0139414414497049,-0.776479328981635,0.0420324839007997
0.3,0,-0.0145080190525669,-0.745322557765509,0.0512729416509754
0.32,0,-0.0150319859081276,-0.712496323762525,0.0512729416509754
0.34,0,-0.0155125030028533,-0.678074606118123,0.0602288006614862
0.36,0,-0.0159494131834842,-0.642135385010787,0.0688605133168427
0.38,0,-0.0163417222237834,-0.604759035781377,0.0688605133168427
0.4,0,-0.0166865951499322,-0.566030447691196,0.0771262238667255
0.42,0,-0.0169841413477311,-0.526037114931136,0.0849792831007906
0.44,0,-0.0172307605174029,-0.484870460527057,0.0849792831007906
0.46,0,-0.0174271477070259,-0.44262452602007,0.092370288601953
0.48,0,-0.0175698083532284,-0.399396566397738,0.0992561203372303
0.5,0,-0.0176604118540329,-0.355286064785162,0.0992561203372303
0.52,0,-0.0176952901868276,-0.310394902235495,0.105599679211984
0.54,0,-0.0176763193877712,-0.264827208377566,0.111360744296249
0.56,0,-0.0176014072258871,-0.218688393366333,0.111360744296249
0.58,0,-0.0174724328800479,-0.172085598380052,0.116507715726834
0.6,0,-0.0172887566528429,-0.125126287631782,0.121017816487546
0.62,0,-0.0170512029890553,-0.0779193167853302,0.121017816487546
0.64,0,-0.0167604440811459,-0.0305734612140944,0.124866461832843
0.66,0,-0.0164173143703416,0.0168019099114439,0.128034899335429
0.68,0,-0.0160229748209221,0.0640979700095104,0.128034899335429
0.7,0,-0.015578132761138,0.11120578059628,0.13050944699551
0.72,0,-0.0150852331957934,0.158017588319167,0.132281332431582
0.74,0,-0.0145447401265609,0.204426289618919,0.132281332431582
0.76,0,-0.0139600042924427,0.250326343815673,0.133344011758343
0.78,0,-0.0133311164724908,0.295613612366257,0.133697559265055
0.8,0,-0.0126612246099206,0.340185468354429,0.133697559265055
0.82,0,-0.0119509235191556,0.383941369546749,0.133343782933497
0.84,0,-0.0112032379570783,0.426782527717683,0.132285735549899
0.86,0,-0.010419709561445,0.468613016173015,0.132285735549899
0.88,0,-0.00960245791268375,0.509338935100862,0.130533341593608
0.9,0,-0.00875306591162505,0.548869372701468,0.128097332003539
0.92,0,-0.00787335715511975,0.587115698913199,0.128097332003539
0.94,0,-0.00696596628476518,0.623992792831405,0.124989702356373
0.96,0,-0.00603200270125354,0.659418292713561,0.121226692703755
0.98,0,-0.00507484540406183,0.693313541990248,0.121226692703755
1,0,-0.00409508504575799,0.725603210654888,0.116830304149096
1.02,0,-0.00309036505297185,0.756215133515561,0.111808476101857
1.04,0,-0.00187421428318943,0.785045154311475,0.111808476101857
1.06,0,-0.000228878246183893,0.811857729689701,0.105209573369655
1.08,0,0.00182850730373535,0.836392266891411,0.0960609991990915
1.1,0,0.00438675753981572,0.858356988042969,0.0960609991990915
1.12,2,0.00729621696948513,0.877490981766503,2.0327399236391
1.14,2,0.0115544512399716,0.893444055369804,2.02246070483834
1.16,2,0.0220049971833635,0.90433911909567,2.02246070483834
1.18,2,0.0392809623444732,0.906650735642327,1.9845691499604
1.2,2,0.0647613790826182,0.896704539335868,1.90942233333703
1.22,2,0.097556318266788,0.87028964041613,1.90942233333703
1.24,2,0.136845867167632,0.824073327956185,1.79635931180253
1.26,2,0.18153541153163,0.754804261147731,1.65109433452184
1.28,2,0.229611350916546,0.660479972685691,1.65109433452184
1.3,2,0.28044806957528,0.539456040540283,1.48547105320667
1.32,2,0.331533647715064,0.39125752714935,1.31045709338213
1.34,2,0.382867510149728,0.215863681566058,1.31045709338213
1.36,2,0.432008507098861,0.0140825495660703,1.1342624678445
1.38,2,0.479443864260633,-0.212795896499282,0.96592524208798
1.4,2,0.523160128948248,-0.4630893675734,0.96592524208798
1.42,2,0.563914454280822,-0.734633818904709,0.812328663733147
1.44,2,0.600358539636289,-1.02527872254872,0.675704399317153
1.46,2,0.633187253887596,-1.33241241598415,0.675704399317153
1.48,2,0.661865466529562,-1.65374509388707,0.558121691824952
1.5,2,0.686760001775467,-1.98656517507693,0.461459410086181
1.52,2,0.708102138437466,-2.32865160580697,0.461459410086181
1.54,2,0.725818830223123,-2.67744292918297,0.384033263467473
1.56,2,0.740775863017628,-3.03088899185087,0.323934066158064
1.58,2,0.752459126267861,-3.38672967939225,0.323934066158064
1.6,2,0.762160811192223,-3.74311917480965,0.281000257457573
1.62,2,0.769069663134359,-4.09816414148791,0.253089408053552
1.64,2,0.774625410225753,-4.45021607014455,0.253089408053552
1.66,2,0.777948971169688,-4.79775723129305,0.237296339202681
1.68,2,0.780359979686273,-5.13932027312323,0.23311345883926
1.7,2,0.781134400051326,-5.47373056050362,0.23311345883926
1.72,2,0.781252055530788,-5.79969133150021,0.239391355656748
1.74,2,0.780332250575182,-6.11631294620028,0.253474517544916
1.76,2,0.778876476231663,-6.42247296197255,0.253474517544916
1.78,2,0.776948679365426,-6.71750283364938,0.274719399388645
1.8,2,0.774530922786137,-7.00046698714817,0.302947082707122
1.82,2,0.772131157341938,-7.27085503331853,0.302947082707122
1.84,2,0.769279974627281,-7.52793360967475,0.336068258531288
1.86,2,0.7668269341408,-7.77129939654191,0.373105654738499
1.88,2,0.764006316913264,-8.00043300090948,0.373105654738499
1.9,2,0.761832861882891,-8.21500345958375,0.414383120898123
1.92,2,0.759440711109772,-8.4147036409164,0.45847993912612
1.94,2,0.757819420683461,-8.59925806459632,0.45847993912612
1.96,2,0.75620328403401,-8.76855702216539,0.504046412392711
1.98,2,0.755362562378927,-8.9223834466583,0.55148546112802
2,2,0.754806758399191,-9.06079602556072,0.55148546112802
2.02,2,0.75494947724393,-9.18364830767826,0.600073046000871
2.04,2,0.755670053138334,-9.291129243126,0.648281093226585
2.06,2,0.756979753245959,-9.38318414824635,0.648281093226585
2.08,2,0.759135844228392,-9.46008914708599,0.696308000309622
2.1,2,0.761770427619167,-9.52190230110033,0.74407991435152
2.12,2,0.765460106781364,-9.56894813069839,0.74407991435152
2.14,2,0.769560462579066,-9.60140840044568,0.790170741124904
2.16,2,0.774830049409163,-9.61962624872935,0.834438694527024
2.18,2,0.780508041855714,-9.62391314850301,0.834438694527024
2.2,2,0.787366500564946,-9.6146137979878,0.877284813749832
2.22,2,0.794693863201032,-9.59215722654391,0.91763930614801
2.24,2,0.803123178957071,-9.55688454158279,0.91763930614801
2.26,2,0.812133724348055,-9.50931918147639,0.955010236047895
2.28,2,0.822094816194184,-9.44980819723325,0.990043673723793
2.3,2,0.832779495275373,-9.37893823152033,0.990043673723793
2.32,2,0.84422455017453,-9.29707454806593,1.02217972597705
2.34,2,0.856526134335728,-9.20483259581044,1.05068278498289
2.36,2,0.869403579357206,-9.10261395246269,1.05068278498289
2.38,2,0.883229806371857,-8.99103003401619,1.07618847148353
2.4,2,0.897478852479111,-8.87053277313233,1.09867491413629
2.42,2,0.912707376063665,-8.74170309049616,1.09867491413629
2.44,2,0.928258902978159,-8.60504837899999,1.1173330062737
2.46,2,0.944744816263338,-8.46110500987912,1.13259503803682
2.48,2,0.96152066996858,-8.31043235699217,1.13259503803682
2.5,2,0.979111429032289,-8.15351647823944,1.14489178616497
2.52,2,0.997013205949662,-7.99095389722704,1.15353770100715
2.54,2,1.01555550864114,-7.82318723381884,1.15353770100715
2.56,2,1.03446328879526,-7.65082890319422,1.15866619321821
2.58,2,1.05380836425541,-7.47429318367,1.16098954729609
2.6,2,1.07358262489256,-7.29418230091711,1.16098954729609
2.62,2,1.09359270424837,-7.11089595528597,1.16010868653806
2.64,2,1.11407839510875,-6.92499955872894,1.15586523370603
2.66,2,1.13462540352408,-6.7368945931348,1.15586523370603
2.68,2,1.15565060986799,-6.5470912639571,1.14905526272398
2.7,2,1.17661332250287,-6.35600274112938,1.13964239463378
2.72,2,1.19800438827905,-6.16407025060142,1.13964239463378
2.74,2,1.21926874149481,-5.97171987249741,1.12726607237451
2.76,2,1.24085700036879,-5.77932147248672,1.11261223825847
2.78,2,1.2623059637361,-5.5873072915579,1.11261223825847
2.8,2,1.28392963169148,-5.39598252129035,1.09600346002967
2.82,2,1.30544299676065,-5.20577107931363,1.07702510558309
2.84,2,1.32695839636105,-5.01692618007011,1.07702510558309
2.86,2,1.34841417030604,-4.82984700675886,1.0561184067425
2.88,2,1.36969940235926,-4.64475185694815,1.03386864314355
2.9,2,1.39096718793023,-4.4619957322044,1.03386864314355
2.92,2,1.41191642582932,-4.28177778615102,1.0099499993131
2.94,2,1.43286591265961,-4.10439337285476,0.984516023183117
2.96,2,1.45339023904983,-3.93003593850935,0.984516023183117
2.98,2,1.47389610827315,-3.75893327414374,0.958271024662999
3,2,1.49392332593158,-3.59127730915814,0.931087035721422
3.02,2,1.51386814637451,-3.4272260058905,0.931087035721422
3.04,2,1.53333221027545,-3.26697101307399,0.902853197306544
3.06,2,1.5526167668926,-3.11060794105256,0.874234495066978
3.08,2,1.57145638493118,-2.95832008307191,0.874234495066978
3.1,2,1.58999616477621,-2.81015284153814,0.845343335135216
3.12,2,1.6081508243125,-2.66626866109308,0.815903249814366
3.14,2,1.62588313433271,-2.52667938145907,0.815903249814366
3.16,2,1.64329411886914,-2.39151440321304,0.78641299294117
3.18,2,1.66017892849828,-2.26076735978084,0.757201717211702
3.2,2,1.67678621702996,-2.13452290075705,0.757201717211702
3.22,2,1.69279897886516,-2.01277073348817,0.727948407843186
3.24,2,1.70855477572157,-1.89554472745493,0.698899818035412
3.26,2,1.72368760297802,-1.78283973171614,0.698899818035412
3.28,2,1.73854720284246,-1.67463796819509,0.670520853102641
3.3,2,1.75280008868787,-1.57094018541465,0.642556315766925
3.32,2,1.76673139508041,-1.47168276897097,0.642556315766925
3.34,2,1.78010893007382,-1.37686990754587,0.615003089455723
3.36,2,1.7930969441179,-1.28640254429581,0.588352689414224
3.38,2,1.80560347993638,-1.20028013384128,0.588352689414224
3.4,2,1.81764818023665,-1.11838235397724,0.562494439201814
3.42,2,1.8292900712698,-1.04069294376206,0.537226903270154
3.44,2,1.84040394328391,-0.967084775703113,0.537226903270154
3.46,2,1.85118426528142,-0.897517814592631,0.512960758768696
3.48,2,1.86139693319882,-0.831869933325185,0.489760241078083
3.5,2,1.87131935616077,-0.770070992564578,0.489760241078083
3.52,2,1.88066851961716,-0.712012657780218,0.467311107508736
3.54,2,1.88974422349939,-0.657592952605028,0.445859602074016
3.56,2,1.89827257527489,-0.606720431289757,0.445859602074016
3.58,2,1.90651566980012,-0.55926516184696,0.425616025109353
3.6,2,1.91426784195583,-0.515149384765549,0.406261810885133
3.62,2,1.92170011774943,-0.474222800195167,0.406261810885133
3.64,2,1.92871832058766,-0.436416288492294,0.387847127177215
3.66,2,1.93537447636421,-0.401569737001178,0.370664011101874
3.68,2,1.94169528854202,-0.369614019096052,0.370664011101874
3.7,2,1.9476145462165,-0.340390474500877,0.354475558333282
3.72,2,1.95327178723072,-0.313821292892831,0.339153885580694
3.74,2,1.95850097255827,-0.289759133230453,0.339153885580694
3.76,2,1.96352502326355,-0.268112018628347,0.324993987488356
3.78,2,1.96812126222465,-0.248751677822959,0.311884304418657
3.8,2,1.97254225784918,-0.231569250152056,0.311884304418657
3.82,2,1.97656212691788,-0.216458639082958,0.299565821029942
3.84,2,1.98041240850788,-0.203294947749563,0.288254664088051
3.86,2,1.98391057766983,-0.191992834362023,0.288254664088051
3.88,2,1.9872236874295,-0.182416380374109,0.277983544046305
3.9,2,1.99025212554176,-0.174496049728157,0.268442835205471
3.92,2,1.99306679474484,-0.168092785723577,0.268442835205471
3.94,2,1.99566935011931,-0.163145245313519,0.259724976850062
3.96,2,1.99802807414887,-0.159519275801148,0.251975884865267
3.98,2,2.00024078075846,-0.157153821009963,0.251975884865267
4,2,2.00218898236198,-0.155928042399074,0.24492048980353
4.02,2,2.00404333177143,-0.1557747704023,0.238513546837548
4.04,2,2.00562923076822,-0.156592336389183,0.238513546837548
4.06,2,2.00715275205643,-0.158304033960903,0.232953396540459
4.08,2,2.0084248803912,-0.1608297905474,0.228053420715917
4.1,2,2.00964407374921,-0.164083075234905,0.228053420715917
4.12,2,2.01064942156292,-0.168005009202538,0.22364649738168
4.14,2,2.01159261116129,-0.172502334764717,0.219917794747947
4.16,2,2.01237343419299,-0.177533532414599,0.219917794747947
4.18,2,2.0130695818596,-0.183003761369405,0.216795602033511
4.2,2,2.01366095648221,-0.18888224525084,0.214044553038818
4.22,2,2.01414042882888,-0.195078998846368,0.214044553038818
4.24,2,2.01456831080089,-0.201566723442976,0.211790778992053
4.26,2,2.01486210485696,-0.208265945258708,0.210081594669934
4.28,2,2.0151481545825,-0.215147145004948,0.210081594669934
4.3,2,2.01529105086331,-0.222147294868933,0.208671733994439
4.32,2,2.0154540498895,-0.229231076539757,0.207585774035938
4.34,2,2.01548025995924,-0.236354207776241,0.207585774035938
4.36,2,2.01553431073727,-0.243473640473676,0.206947331435974
4.38,2,2.01547388202448,-0.250562869408329,0.20656134484677
4.4,2,2.01543278853234,-0.257572622338404,0.20656134484677
4.42,2,2.01531242512453,-0.26449154525666,0.206355650748725
4.44,2,2.01519080096703,-0.271267796952307,0.206484035384401
4.46,2,2.01503195189933,-0.277900044209341,0.206484035384401
4.48,2,2.01484623461458,-0.284338803759024,0.206833662840037
4.5,2,2.01466565895087,-0.290587517585589,0.20725459786514
4.52,2,2.01443395504151,-0.296604216506284,0.20725459786514
4.54,2,2.0142413860307,-0.302390896436714,0.207884732891905
4.56,2,2.01398193854374,-0.307917123370921,0.208707371014143
4.58,2,2.01378281971381,-0.313179415767193,0.208707371014143
4.6,2,2.01351478012876,-0.318161563334328,0.209541170815604
4.62,2,2.0133132800048,-0.322853287741549,0.210464339970595
4.64,2,2.01305382394035,-0.32725258671866,0.210464339970595
4.66,2,2.01285241897603,-0.331342406039452,0.211542164544255
4.68,2,2.01261584776967,-0.335132864672884,0.212602807105449
4.7,2,2.01241780330841,-0.338602731970575,0.212602807105449
4.72,2,2.01221377450599,-0.341770087118416,0.213652328512208
4.74,2,2.01202242218846,-0.344613010673462,0.214809815747605
4.76,2,2.01185586002885,-0.347152547366344,0.214809815747605
4.78,2,2.01167690439163,-0.349370383342,0.215953071275048
4.8,2,2.01154816427125,-0.351285809504011,0.217019724944428
4.82,2,2.01138951090227,-0.35288823085167,0.217019724944428
4.84,2,2.01129782812155,-0.3541922369671,0.218135777955671
4.86,2,2.01116865667771,-0.355197316118667,0.219246150866967
4.88,2,2.01111181086609,-0.355911319400266,0.219246150866967
4.9,2,2.01102008641954,-0.356344033793267,0.220236606940757
4.92,2,2.01099278808448,-0.356495979310332,0.22121262566113
4.94,2,2.01094428413796,-0.356385895711628,0.22121262566113
4.96,2,2.01094264204948,-0.356008892969215,0.222192508717252
4.98,2,2.01093994802261,-0.355389540168802,0.223049080431289
5,2,2.01096225634773,-0.354520636705075,0.223049080431289
5.02,2,2.01100701971388,-0.35342958191266,0.223832696522293
5.04,2,2.01105432248034,-0.352110352014616,0.224617323118064
5.06,2,2.01114431914353,-0.350588808343889,0.224617323118064
5.08,2,2.01121792442947,-0.348863175154547,0.225291553868792
5.1,2,2.01134705227849,-0.346954425839659,0.225852026396875
5.12,2,2.0114481491043,-0.344866858998678,0.225852026396875
5.14,2,2.01160908535516,-0.34261465974093,0.226404672386477
5.16,2,2.01173975853323,-0.3402092505451,0.226883029012726
5.18,2,2.01192496655044,-0.337657636618057,0.226883029012726
5.2,2,2.01208699873581,-0.334977887283617,0.227230358348301
5.22,2,2.01229033448299,-0.332170870421123,0.227549996239369
5.24,2,2.01248468117718,-0.329259513839475,0.227549996239369
5.26,2,2.01270057154976,-0.326240651923132,0.22782960745635
5.28,2,2.01292519330539,-0.323138945311477,0.227981295091458
5.3,2,2.01315040576364,-0.319950312313996,0.227981295091458
5.32,2,2.01340116344625,-0.316697995161511,0.228082294333612
5.34,2,2.01363436740929,-0.313379782134262,0.228171842274539
5.36,2,2.01390545797825,-0.310014645309737,0.228171842274539
5.38,2,2.0141478470984,-0.306604932304683,0.228155625994789
5.4,2,2.01443326174188,-0.30316367052795,0.228065687748107
5.42,2,2.01468593178576,-0.299698585812006,0.228065687748107
5.44,2,2.01497823428633,-0.296215957757201,0.227977354886334
5.46,2,2.01524246744965,-0.292728808614284,0.227816303063026
5.48,2,2.01553556214459,-0.289237584841978,0.227816303063026
5.5,2,2.01581126199725,-0.28575898574065,0.227570572058972
5.52,2,2.01610136321213,-0.282289693497651,0.227324715747085
5.54,2,2.01638782334159,-0.278848186262754,0.227324715747085
5.56,2,2.01667139496911,-0.275429173572366,0.227043561546256
5.58,2,2.01696532489987,-0.272050064185735,0.226677641805568
5.6,2,2.01724057294409,-0.268706361825091,0.226677641805568
5.62,2,2.01753713309875,-0.265411964888126,0.226306241061495
5.64,2,2.01780460238006,-0.262165166144551,0.225933840912957
5.66,2,2.01809945634842,-0.258975129684164,0.225933840912957
5.68,2,2.01836066282725,-0.255844316560821,0.225490905652735
5.7,2,2.01864763073183,-0.2527761571598,0.225029739842442
5.72,2,2.01890326773148,-0.249777166668748,0.225029739842442
5.74,2,2.01917791495807,-0.246845616626669,0.224590304155162
5.76,2,2.01942891720297,-0.243991306384884,0.224106795754433
5.78,2,2.01968770611742,-0.241208634965658,0.224106795754433
5.8,2,2.0199345599819,-0.238509175527081,0.223593143606731
5.82,2,2.02017547063803,-0.235885411141382,0.223111744528355
5.84,2,2.02041693391935,-0.233348653784154,0.223111744528355
5.86,2,2.02064053920158,-0.230891872629842,0.222612970039956
5.88,2,2.02087535159057,-0.228524340858921,0.222075617636729
5.9,2,2.02108209451642,-0.226240933151417,0.222075617636729
5.92,2,2.02130528506307,-0.22404674343304,0.221569395557223
5.94,2,2.02149568821333,-0.221939585675109,0.221077025969526
5.96,2,2.02170359877437,-0.219919962389173,0.221077025969526
5.98,2,2.02188026247548,-0.217989377650224,0.22055354233848
6,2,2.02207025896395,-0.216144106777168,0.220052650577651
6.02,2,2.02223474789343,-0.214388665006932,0.220052650577651
6.04,2,2.0224044702957,-0.212715898873603,0.219587135205629
6.06,2,2.02255816616139,-0.21113226210943,0.219101737723458
6.08,2,2.02270657429887,-0.209628848483636,0.219101737723458
6.1,2,2.02284983261569,-0.208212562355361,0.218625652404022
6.12,2,2.02297765526305,-0.206874417787919,0.218195773002333
6.14,2,2.02311051373683,-0.205620153920827,0.218195773002333
6.16,2,2.02322022566467,-0.204442666414859,0.217759847247606
6.18,2,2.02334197470515,-0.203345240557812,0.217317460165969
6.2,2,2.02343565320896,-0.202323306188205,0.217317460165969
6.22,2,2.02354437076141,-0.201376648383168,0.21692032625483
6.24,2,2.02362512048722,-0.200504161113747,0.216534925140177
6.26,2,2.02371794542784,-0.199701788339125,0.216534925140177
6.28,2,2.02378682567392,-0.198970982427097,0.216139460771174
6.3,2,2.02386103471537,-0.198304349983753,0.215786649339118
6.32,2,2.02391887204333,-0.197705226545074,0.215786649339118
6.34,2,2.02397421387971,-0.197164800108408,0.215467624202727
6.36,2,2.02402236643018,-0.19668727626328,0.215141552805222
6.38,2,2.02405893824922,-0.196263406666909,0.215141552805222
6.4,2,2.02409807757015,-0.195896866353805,0.214844719507578
6.42,2,2.02411902150313,-0.195580037845617,0.21458955558333
6.44,2,2.0241487944754,-0.19531473580658,0.21458955558333
6.46,2,2.02415644756589,-0.195095705796585,0.214331755998758
6.48,2,2.02417526410757,-0.194922005855746,0.214088383183492
6.5,2,2.02417201008376,-0.19479097433452,0.214088383183492
6.52,2,2.02417952692158,-0.194699326217988,0.213888282717227
6.54,2,2.02416809826619,-0.194646924296735,0.213697058176269
6.56,2,2.02416408177788,-0.194628231856416,0.213697058176269
6.58,2,2.02414671829645,-0.194645243581469,0.213506239129183
6.6,2,2.02413121638719,-0.194691198131575,0.213351621818477
6.62,2,2.02411022045594,-0.194769446243261,0.213351621818477
6.64,2,2.02408457687303,-0.194872968779615,0.213213028489584
6.66,2,2.02405960791547,-0.195004790576126,0.213068666101033
6.68,2,2.02402405471674,-0.195158374296769,0.213068666101033
6.7,2,2.02399607798301,-0.195336052910948,0.21294912735987
6.72,2,2.0239536962283,-0.195533141838478,0.212853796927853
6.74,2,2.02392177461004,-0.195750233352935,0.212853796927853
6.76,2,2.02387315959544,-0.195984496589322,0.212751605101163
6.78,2,2.02383519992604,-0.196234004670858,0.212664502708289
6.8,2,2.0237820323905,-0.196497908183425,0.212664502708289
6.82,2,2.02373822379417,-0.196772557763663,0.212609235237888
6.84,2,2.02368346717707,-0.197059523280191,0.212551501809708
6.86,2,2.0236339665917,-0.197353823806891,0.212551501809708
6.88,2,2.02357836695649,-0.197658137479942,0.212494191627703
6.9,2,2.0235213984308,-0.197966507901659,0.212468222076106
6.92,2,2.02346437688536,-0.198281595610787,0.212468222076106
6.94,2,2.02340139943365,-0.198597894750625,0.212451196452121
6.96,2,2.02334386437852,-0.198917936442161,0.212428052845212
6.98,2,2.02327630311586,-0.19923727270976,0.212428052845212
7,2,2.02321844088227,-0.199557284708334,0.212426848823224
7.02,2,2.02314788897031,-0.199875245448845,0.212440806416524
7.04,2,2.02308900853127,-0.200190817397682,0.212440806416524
7.06,2,2.02301894547379,-0.200503914700869,0.21244183331843
7.08,2,2.02295903999209,-0.20081255728222,0.212452614692612
7.1,2,2.02289107906319,-0.20111848600153,0.212452614692612
7.12,2,2.02283034813329,-0.201418650856174,0.212477222218476
7.14,2,2.0227658795396,-0.201716138132191,0.212488420483395
7.16,2,2.02270323730226,-0.202006854300214,0.212488420483395
7.18,2,2.02264153205655,-0.202294056034273,0.212500316002386
7.2,2,2.02257650284739,-0.202573576730101,0.212531232528884
7.22,2,2.02251723540443,-0.202848250496734,0.212531232528884
7.24,2,2.02245070858578,-0.203114819428445,0.212556839140939
7.26,2,2.02239360077528,-0.203375228535728,0.21257485521898
7.28,2,2.02232749914007,-0.203627903013902,0.21257485521898
7.3,2,2.02227193504851,-0.20387333076857,0.212607491371549
7.32,2,2.02220655766951,-0.204111305907173,0.212641727420246
7.34,2,2.02215001921821,-0.20434036962805,0.212641727420246
7.36,2,2.02208569133779,-0.204561585924562,0.212667401421657
7.38,2,2.02202745661607,-0.204772385590243,0.212706031275915
7.4,2,2.02196536655551,-0.20497509440671,0.212706031275915
7.42,2,2.02190580131156,-0.205166487585468,0.212752847644454
7.44,2,2.02184690224597,-0.205349486658847,0.212787472226348
7.46,2,2.02178700880087,-0.205521205473229,0.212787472226348
7.48,2,2.02173136892432,-0.205684381746757,0.212824660568899
7.5,2,2.02167171153347,-0.205836728352587,0.21287074742063
7.52,2,2.02161903126878,-0.205980451243167,0.21287074742063
7.54,2,2.02156002514812,-0.206114149901934,0.212906413278061
7.56,2,2.02150996185292,-0.206239002029916,0.212936020847445
7.58,2,2.02145302980768,-0.206355069578845,0.212936020847445
7.6,2,2.02140401767595,-0.206462147897384,0.212975053768648
7.62,2,2.02134874483157,-0.20656115431553,0.213010170579881
7.64,2,2.02130000362414,-0.206650663186742,0.213010170579881
7.66,2,2.02124798990797,-0.206732891640677,0.213035502682817
7.68,2,2.02119965164991,-0.206806007694872,0.213067461847106
7.7,2,2.02115034498177,-0.206872583221491,0.213067461847106
7.72,2,2.02110127145013,-0.206930121028474,0.213101059428663
7.74,2,2.02105470849502,-0.206981212339006,0.213123479723914
7.76,2,2.02100520652066,-0.207023725402178,0.213123479723914
7.78,2,2.02096070836922,-0.207059690100967,0.213150603752478
7.8,2,2.02091133824783,-0.207087694552231,0.213183198544585
7.82,2,2.0208695993347,-0.207109398154422,0.213183198544585
7.84,2,2.02082180138019,-0.207124612348995,0.21320221216051
7.86,2,2.02078138361328,-0.207133654019651,0.213219147152522
7.88,2,2.02073541367763,-0.207137359817936,0.213219147152522
7.9,2,2.02069500918857,-0.207134900464737,0.21324338760471
7.92,2,2.02065092437016,-0.207127937129029,0.213260112525928
7.94,2,2.02061063795262,-0.207115025513178,0.213260112525928
7.96,2,2.02056997955574,-0.207098615669337,0.213269423657293
7.98,2,2.02053055338315,-0.207077136134724,0.213283095561422
8,2,2.02049305892503,-0.207053159449578,0.213283095561422
8.02,2,2.02045370152695,-0.207025116281221,0.213291506273719
8.04,2,2.02041855112005,-0.206995165685238,0.213289705670221
8.06,2,2.02037882098261,-0.206961967112749,0.213289705670221
8.08,2,2.02034466088796,-0.206926655482266,0.213294523378373
8.1,2,2.02030484368288,-0.206888697215763,0.213301512259403
8.12,2,2.02027118581778,-0.206848532407192,0.213301512259403
8.14,2,2.02023195293771,-0.206806541670565,0.21329892625122
8.16,2,2.02019878915444,-0.206762334577866,0.213297091913767
8.18,2,2.02016126276902,-0.206717341176791,0.213297091913767
8.2,2,2.02012761827816,-0.206670188339531,0.213300608034406
8.22,2,2.02009219922361,-0.206623003232545,0.213294102950832
8.24,2,2.02005829300656,-0.206574175869758,0.213294102950832
8.26,2,2.02002497108011,-0.206526027015462,0.213283678519201
8.28,2,2.01999035125339,-0.206476732195678,0.213280209312691
8.3,2,2.01995920727614,-0.206428500726976,0.213280209312691
8.32,2,2.01992387343886,-0.206379834809578,0.213270264990718
8.34,2,2.01989341898915,-0.206332085569099,0.213254847473694
8.36,2,2.01985748801083,-0.206284421806301,0.213254847473694
8.38,2,2.01982776525299,-0.206237503200832,0.21324677208215
8.4,2,2.01979210487668,-0.206191452106546,0.213237767463345
8.42,2,2.01976229962008,-0.206145911607992,0.213237767463345
8.44,2,2.01972755631632,-0.206102007835048,0.213219333785219
8.46,2,2.01969738469467,-0.206058619329853,0.213204924556343
8.48,2,2.01966428347382,-0.206017594664057,0.213204924556343
8.5,2,2.0196330486312,-0.205977098083474,0.213193990252969
8.52,2,2.01960124214047,-0.205939286570678,0.213173864192834
8.54,2,2.0195683684172,-0.205902046305663,0.213173864192834
8.56,2,2.01953796952643,-0.205867484051736,0.213155211000173
8.58,2,2.01950427892047,-0.205833884842417,0.213143222254261
8.6,2,2.01947500774518,-0.205802839199503,0.213143222254261
8.62,2,2.01944030731049,-0.205773129788144,0.213124662788356
8.64,2,2.01941116520837,-0.205745525111824,0.213103258780027
8.66,2,2.01937618855144,-0.205719692361963,0.213103258780027
8.68,2,2.01934684057693,-0.205695528644766,0.213090286151942
8.7,2,2.01931211528864,-0.205673548101087,0.213075170196636
8.72,2,2.01928118281432,-0.205652686804243,0.213075170196636
8.74,2,2.01924534301463,-0.205633707066631,0.213056790361594
8.76,2,2.01921164439522,-0.205614618200618,0.213049234197667
8.78,2,2.01917612864136,-0.20559698764647,0.213049234197667
8.8,2,2.01914010007785,-0.205578799244253,0.213045546609475
8.82,2,2.01910515557522,-0.205561669242167,0.213035914071275
8.84,2,2.01906823874267,-0.205543964158938,0.213035914071275
8.86,2,2.0190349981273,-0.205527325062961,0.213028655416718
8.88,2,2.01899787850429,-0.205510719054187,0.213025087731988
8.9,2,2.0189653345961,-0.205495115925097,0.213025087731988
8.92,2,2.0189282020886,-0.205480158190233,0.213014099554802
8.94,2,2.01889676684834,-0.205466215322234,0.213000225309077
8.96,2,2.01886087354765,-0.20545388768491,0.213000225309077
8.98,2,2.01882972094245,-0.205442547338925,0.212991666042833
9,2,2.01879536460363,-0.205433528772004,0.212976397460571
9.02,2,2.01876346226004,-0.20542552856697,0.212976397460571
9.04,2,2.01872971608061,-0.205420114618423,0.212957386565564
9.06,2,2.01869629763065,-0.205415469841863,0.212946473113741
9.08,2,2.01866429749895,-0.205413461548674,0.212946473113741
9.1,2,2.01863037540328,-0.205412521102294,0.212932604725274
9.12,2,2.01860011400279,-0.205414272229124,0.212910795299226
9.14,2,2.01856591415398,-0.205417642206248,0.212910795299226
9.16,2,2.01853602429671,-0.205423521449884,0.212894296001553
9.18,2,2.01850089452871,-0.205431260999539,0.212881215201086
9.2,2,2.01847043488587,-0.205440733830977,0.212881215201086
9.22,2,2.01843470976151,-0.205451908729375,0.212862956318049
9.24,2,2.01840253525221,-0.205463773484921,0.212850716855418
9.26,2,2.01836628850486,-0.205477035316794,0.212850716855418
9.28,2,2.01833300597567,-0.20549039093981,0.21284560010637
9.3,2,2.01829808328031,-0.205505402827712,0.212833527656772
9.32,2,2.01826411477719,-0.205520379622498,0.212833527656772
9.34,2,2.01823106917303,-0.205537201316739,0.212819558304145
9.36,2,2.01819632340308,-0.205554231045061,0.212812127898726
9.38,2,2.01816395746441,-0.205572985121276,0.212812127898726
9.4,2,2.01812763313027,-0.205591930459328,0.212801971597505
9.42,2,2.01809559856094,-0.205611910366622,0.212788939081099
9.44,2,2.0180586155137,-0.205632082649731,0.212788939081099
9.46,2,2.01802683053775,-0.205652691676132,0.212783825522028
9.48,2,2.01799016809567,-0.205673905612813,0.212777764260021
9.5,2,2.01795816486053,-0.205695285842025,0.212777764260021
9.52,2,2.01792217501104,-0.205717634289633,0.212764974193655
9.54,2,2.01788985836549,-0.205739759048978,0.212756831681938
9.56,2,2.01785552071753,-0.205763238370158,0.212756831681938
9.58,2,2.01782227607868,-0.205786454393421,0.212751132534809
9.6,2,2.01778862151637,-0.20581104573361,0.212739217571371
9.62,2,2.01775353111262,-0.205835052185204,0.212739217571371
9.64,2,2.01772027246637,-0.205859795297108,0.212731290163424
9.66,2,2.01768330073679,-0.205883447031256,0.212732637684926
9.68,2,2.01764938602355,-0.205906829022439,0.212732637684926
9.7,2,2.01761093485656,-0.205928830138382,0.212731633725031
9.72,2,2.01757768720891,-0.205950029799108,0.212728137704538
9.74,2,2.01753961689263,-0.205970417773358,0.212728137704538
9.76,2,2.01750666935524,-0.205989690530288,0.212731639784261
9.78,2,2.01746961141115,-0.206008653851415,0.212731385019383
9.8,2,2.01743611806998,-0.206026132230508,0.212731385019383
9.82,2,2.01740022314205,-0.20604359115652,0.212726113341769
9.84,2,2.01736634524112,-0.206059640106944,0.212726077673631
9.86,2,2.01733298963048,-0.206076294210115,0.212726077673631
9.88,2,2.0172998779533,-0.20609218772222,0.212723024979115
9.9,2,2.01726937153033,-0.206109381268477,0.212709160360459
9.92,2,2.01723596892406,-0.206126512466425,0.212709160360459
9.94,2,2.01720605995367,-0.206144835702413,0.212699270755802
9.96,2,2.01717137629877,-0.206163201718207,0.212695181628968
9.98,2,2.01714120264971,-0.206181937188585,0.212695181628968
10,2,2.01710552843178,-0.2062004751088,0.212686530642562
10.02,2,2.01707386121597,-0.206218264525993,0.212682261799395
10.04,2,2.0170374216116,-0.206235568894557,0.212682261799395
10.06,2,2.01700511232798,-0.206251474672273,0.212686289752891
10.08,2,2.01697002481298,-0.206267347840092,0.212684103678573
10.1,2,2.01693709639212,-0.206281709518988,0.212684103678573
10.12,2,2.0169037960997,-0.206296329459,0.21267838401462
10.14,2,2.01686990738835,-0.20630941279688,0.212680297218121
10.16,2,2.01683793828918,-0.206322693127259,0.212680297218121
10.18,2,2.01680329781928,-0.206334711547005,0.212679148128287
10.2,2,2.01677252506538,-0.206346867542133,0.212671820186877
10.22,2,2.01673729992042,-0.206358165294752,0.212671820186877
10.24,2,2.01670736753078,-0.206369216321553,0.212671357698196
10.26,2,2.0166730555182,-0.20638008509153,0.212669503133468
10.28,2,2.01664418189964,-0.206390726587349,0.212669503133468
10.3,2,2.01661119204348,-0.206402025500342,0.212658227987589
10.32,2,2.01658210489117,-0.206413015593733,0.212650439297462
10.34,2,2.01655071109624,-0.206425249371279,0.212650439297462
10.36,2,2.01652122726433,-0.206437339840285,0.212644877838847
10.38,2,2.01649174945977,-0.206451157616123,0.212630403179585
10.4,2,2.01646111982499,-0.206464960115476,0.212630403179585
10.42,2,2.01643276217408,-0.20648030322055,0.212617939830532
10.44,2,2.01640099631585,-0.206495588413979,0.212612646769223
10.46,2,2.01637235078998,-0.20651172046263,0.212612646769223
10.48,2,2.01633915116488,-0.206527613888623,0.212604415614198
10.5,2,2.0163110075932,-0.206543835951681,0.21259386503109
10.52,2,2.01627794866459,-0.206560239937654,0.21259386503109
10.54,2,2.0162501494005,-0.206576569504988,0.212590539436583
10.56,2,2.01621815468937,-0.206593634685251,0.212583144653024
10.58,2,2.01618966141678,-0.206610404482512,0.212583144653024
10.6,2,2.01615798631865,-0.206628089984726,0.212571129891636
10.62,2,2.0161277362057,-0.206644900572394,0.212567860095968
10.64,2,2.01609646139842,-0.206662199884646,0.212567860095968
10.66,2,2.01606402585448,-0.206677889117656,0.212568380013946
10.68,2,2.01603241029338,-0.206693287962745,0.212565509078734
10.7,2,2.01599823980693,-0.206706697443907,0.212565509078734
10.72,2,2.01596798416528,-0.206719549597888,0.212566923474185
10.74,2,2.01593328371281,-0.206730860812609,0.212572615622023
10.76,2,2.01590387478099,-0.206741243112568,0.212572615622023
10.78,2,2.01587008357212,-0.206750759917581,0.212569716836061
10.8,2,2.0158417873691,-0.20675936576807,0.212565596198905
10.82,2,2.0158096394291,-0.206768022887711,0.212565596198905
10.84,2,2.01578150313483,-0.206775963173949,0.212565450607203
10.86,2,2.01575079520158,-0.206784661338787,0.212558432548177
10.88,2,2.01572193031676,-0.206792626916461,0.212558432548177
10.9,2,2.01569305628291,-0.206801707808484,0.212548032228563
10.92,2,2.01566307953644,-0.206810155732,0.212545135819206
10.94,2,2.01563517890153,-0.206819473205352,0.212545135819206
10.96,2,2.01560383295741,-0.206828023130504,0.212540178976258
10.98,2,2.01557589162064,-0.206836753340825,0.21253250911943
11,2,2.01554306945315,-0.206844625302769,0.21253250911943
11.02,2,2.01551516324183,-0.206852112641747,0.212532919614621
11.04,2,2.01548231488414,-0.206859042528773,0.21253419034501
11.06,2,2.01545472735942,-0.206865167779805,0.21253419034501
11.08,2,2.01542295301372,-0.206871317399719,0.212527241490245
11.1,2,2.0153948129313,-0.206876487404258,0.21252449413469
11.12,2,2.01536398446161,-0.206882053694061,0.21252449413469
11.14,2,2.0153353526305,-0.206886600839965,0.212525207387367
11.16,2,2.01530634965947,-0.206891925054842,0.212517646988137
11.18,2,2.01527674980843,-0.206896247724629,0.212517646988137
11.2,2,2.01524905846282,-0.206901315322575,0.212510995476035
11.22,2,2.01521864826351,-0.20690568059767,0.212510310415285
11.24,2,2.0151919062348,-0.206910709095207,0.212510310415285
11.26,2,2.01516098695458,-0.206915320329146,0.212504387668643
11.28,2,2.01513531472132,-0.20692030052928,0.212494494275675
11.3,2,2.01510472407518,-0.206925468031813,0.212494494275675
11.32,2,2.01507902093281,-0.206930752349837,0.212491444152262
11.34,2,2.01504883088191,-0.206936692592341,0.212486117536938
11.36,2,2.01502282481226,-0.206942455508551,0.212486117536938
11.38,2,2.01499404324011,-0.206949429386384,0.212473832336358
11.4,2,2.01496697376214,-0.206956030310021,0.212468452751787
11.42,2,2.0149391429832,-0.206963801250143,0.212468452751787
11.44,2,2.01491043145882,-0.206970829419797,0.21246525005337
11.46,2,2.01488306915855,-0.206978647000373,0.212456563219633
11.48,2,2.01485282696664,-0.206985624691531,0.212456563219633
11.5,2,2.01482621108932,-0.206993070980711,0.212452603171389
11.52,2,2.01479540482391,-0.206999886655315,0.212453291883252
11.54,2,2.01476983957626,-0.207006848771265,0.212453291883252
11.56,2,2.01473935183514,-0.207013769184266,0.212445673588861
11.58,2,2.01471374824661,-0.207020571985459,0.212438420409249
11.6,2,2.01468365476889,-0.207027791541844,0.212438420409249
11.62,2,2.01465774261841,-0.207034590452587,0.212437742128986
11.64,2,2.01462905264852,-0.207042353439539,0.21243057994977
11.66,2,2.01460210930115,-0.207049493228707,0.21243057994977
11.68,2,2.01457473687155,-0.207057593762582,0.212421360662204
11.7,2,2.01454681848788,-0.207064972945254,0.212419345650797
11.72,2,2.01452060775903,-0.207073219549839,0.212419345650797
11.74,2,2.01449244339674,-0.207081180715018,0.212413747666334
11.76,2,2.01446745929531,-0.207090151435842,0.21240219204625
11.78,2,2.01443812649113,-0.207099065095053,0.21240219204625
11.8,2,2.0144130349664,-0.207108289940962,0.212398418763219
11.82,2,2.01438307311765,-0.207117572309633,0.21239666466897
11.84,2,2.01435710201803,-0.207126360697777,0.21239666466897
11.86,2,2.01432720754805,-0.207135284559738,0.21238993233216
11.88,2,2.01429970682943,-0.207143003972141,0.212390115321441
11.9,2,2.01427047244437,-0.207150780705209,0.212390115321441
11.92,2,2.01424158034141,-0.207156954532967,0.212393997831755
11.94,2,2.01421421133617,-0.207163283655406,0.21238954696828
11.96,2,2.01418510131525,-0.207168512615557,0.21238954696828
11.98,2,2.01415989150477,-0.207174181240171,0.212386329079961
12,2,2.01413116800445,-0.207179622857757,0.212384730328502
12.02,2,2.01410754524725,-0.207185643262501,0.212384730328502
12.04,2,2.01407991402168,-0.207192434117048,0.212373422835326
12.06,2,2.01405709316595,-0.207199875119501,0.212361361758428
12.08,2,2.01403071742305,-0.207208878941398,0.212361361758428
12.1,2,2.01400726812611,-0.207218320715995,0.212354250148782
12.12,2,2.01398226968031,-0.207229704266479,0.212340163365856
12.14,2,2.01395725626823,-0.207241356066708,0.212340163365856
12.16,2,2.01393301584129,-0.207254720995891,0.212326959424677
12.18,2,2.01390617722069,-0.2072681162,0.212322041700281
12.2,2,2.01388235820767,-0.207282625296921,0.212322041700281
12.22,2,2.01385414191749,-0.207297118016015,0.212313627993133
12.24,2,2.01383014511822,-0.207311935123607,0.212304669107876
12.26,2,2.0138012626578,-0.207326804099437,0.212304669107876
12.28,2,2.01377635718367,-0.207341156648312,0.212304626806034
12.3,2,2.01374751503096,-0.207355605960589,0.212302823963797
12.32,2,2.01372108008378,-0.207368795700817,0.212302823963797
12.34,2,2.01369306894429,-0.207382001872246,0.212298586280231
12.36,2,2.01366549518433,-0.207393662724957,0.212301355980321
12.38,2,2.01363900158214,-0.207405394036478,0.212301355980321
12.4,2,2.01361047959244,-0.207415738028381,0.212302379888454
12.42,2,2.0135853057788,-0.207426009862404,0.212297454725466
12.44,2,2.0135562744995,-0.207435299772187,0.212297454725466
12.46,2,2.01353225526272,-0.207444326614152,0.212297995640419
12.48,2,2.01350420425293,-0.207453254769718,0.212296648964535
12.5,2,2.01348099571064,-0.207461966482018,0.212296648964535
12.52,2,2.01345471524285,-0.20747152747475,0.212286137398669
12.54,2,2.0134316815281,-0.207481026658614,0.21227833878955
12.56,2,2.0134071761611,-0.207492037873365,0.21227833878955
12.58,2,2.01338267208178,-0.207502903240884,0.212272587304815
12.6,2,2.01335894301882,-0.207515071016192,0.21226108796015
12.62,2,2.01333261480326,-0.207526859544098,0.21226108796015
12.64,2,2.01330930492469,-0.207539353869462,0.212254909022563
12.66,2,2.01328159684432,-0.207551425959549,0.212254687125447
12.68,2,2.01325810780096,-0.207563419757477,0.212254687125447
12.7,2,2.0132297331701,-0.2075750668915,0.212249175261986
12.72,2,2.01320538183833,-0.207585803647827,0.212247165433398
12.74,2,2.01317743221093,-0.207596306772474,0.212247165433398
12.76,2,2.01315232053672,-0.207605458669378,0.212251141320407
12.78,2,2.01312573731546,-0.20761468924543,0.212248626492608
12.8,2,2.01309961431427,-0.20762248140933,0.212248626492608
12.82,2,2.01307457465993,-0.207630466184938,0.212245340934996
12.84,2,2.01304754399963,-0.207637207767289,0.212248191295632
12.86,2,2.01302434351771,-0.207644186442563,0.212248191295632
12.88,2,2.01299760261116,-0.207650714689368,0.212243679191791
12.9,2,2.01297594631086,-0.207657587118111,0.212234376503554
12.92,2,2.01295026824302,-0.207664986963884,0.212234376503554
12.94,2,2.01292938815169,-0.207672786599393,0.212229633219341
12.96,2,2.01290494135463,-0.207681892107055,0.212220158263752
12.98,2,2.01288340958689,-0.2076911726904,0.212220158263752
13,2,2.01286031770734,-0.207702126892176,0.212205867108582
13.02,2,2.01283720026477,-0.20771307656983,0.212199376109569
13.04,2,2.01281484561499,-0.207725462641791,0.212199376109569
13.06,2,2.01278988298143,-0.207737598975161,0.212192835462669
13.08,2,2.01276793056307,-0.207750566587756,0.212182412212924
13.1,2,2.01274157190449,-0.207763233308638,0.212182412212924
13.12,2,2.01271942416322,-0.20777593869737,0.212180157654432
13.14,2,2.01269238262122,-0.207788409734967,0.212180102556122
13.16,2,2.01266931032193,-0.20780007833069,0.212180102556122
13.18,2,2.01264229403701,-0.207811558587155,0.212175221734502
13.2,2,2.01261767802076,-0.207821495787534,0.212177379613776
13.22,2,2.0125914792996,-0.207831168247379,0.212177379613776
13.24,2,2.01256571184878,-0.20783901723789,0.212182583420315
13.26,2,2.01254101885905,-0.207846662248701,0.212180522798855
13.28,2,2.01251429216955,-0.207852649907232,0.212180522798855
13.3,2,2.0124909087262,-0.207858300452213,0.212181586952439
13.32,2,2.01246366331592,-0.207862709871554,0.212186548891707
13.34,2,2.01244142577118,-0.207866603426,0.212186548891707
13.36,2,2.01241515265218,-0.207870152541877,0.212182400564634
13.38,2,2.01239371853348,-0.207873247128417,0.212177518410954
13.4,2,2.01236920938825,-0.207876961183912,0.212177518410954
13.42,2,2.01234794417053,-0.207880392479901,0.212175720507059
13.44,2,2.01232528021871,-0.207885124743636,0.212166039172127
13.46,2,2.01230303828461,-0.20788960311366,0.212166039172127
13.48,2,2.01228191761934,-0.207895524631447,0.212155408213458
13.5,2,2.01225827191929,-0.207901333598343,0.212151925220214
13.52,2,2.01223765697052,-0.207908152550706,0.212151925220214
13.54,2,2.012212641224,-0.207914868347572,0.212144773380171
13.56,2,2.01219183803147,-0.207921833855725,0.212137017927141
13.58,2,2.01216614157771,-0.207928787633037,0.212137017927141
13.6,2,2.01214441442513,-0.207935172364215,0.212138130532976
13.62,2,2.01211874302488,-0.207941612330663,0.212137431885455
13.64,2,2.01209547130771,-0.207946762426644,0.212137431885455
13.66,2,2.01207061599837,-0.207951909996819,0.212134244535613
13.68,2,2.0120461907524,-0.207955504746145,0.212138007724393
13.7,2,2.01202283843881,-0.20795917397719,0.212138007724393
13.72,2,2.01199748959181,-0.207961485464984,0.212139978317051
13.74,2,2.01197596666045,-0.207963925041186,0.212134512917887
13.76,2,2.01195089949615,-0.207965811425434,0.212134512917887
13.78,2,2.0119309133353,-0.207967945837249,0.21213296412699
13.8,2,2.01190690199671,-0.207970518411244,0.212129224332103
13.82,2,2.01188768532357,-0.207973408665446,0.212129224332103
13.84,2,2.01186489882632,-0.207977530061699,0.21211685183453
13.86,2,2.01184502435054,-0.207981759399516,0.212109113068625
13.88,2,2.01182366226465,-0.20798760347041,0.212109113068625
13.9,2,2.01180269473249,-0.20799348513351,0.212103392827734
13.92,2,2.01178283544893,-0.208001091714385,0.212089891451238
13.94,2,2.01176044130979,-0.208008860297924,0.212089891451238
13.96,2,2.01174106861977,-0.208017906298335,0.212081095261351
13.98,2,2.01171728573018,-0.208027108991986,0.212078140438248
14,2,2.01169770573395,-0.208036813076415,0.212078140438248
14.02,2,2.01167322254999,-0.20804674834344,0.212069850049169
14.04,2,2.01165269846148,-0.208056348123503,0.212065082061288
14.06,2,2.01162821966912,-0.208066226776557,0.212065082061288
14.08,2,2.01160610327523,-0.208075029069494,0.21206778743748
14.1,2,2.01158222184167,-0.208084001189253,0.212065828468637
14.12,2,2.01155867838356,-0.20809146487703,0.212065828468637
14.14,2,2.01153628310164,-0.208099081365293,0.21206366849141
14.16,2,2.01151169818167,-0.208105340747071,0.212068103568431
14.18,2,2.0114906030559,-0.208111593253997,0.212068103568431
14.2,2,2.01146544290121,-0.208116903108464,0.212066972684333
14.22,2,2.01144516348328,-0.208121900403558,0.212062776347306
14.24,2,2.01142080901162,-0.208126724923195,0.212062776347306
14.26,2,2.01140127488692,-0.208131253391259,0.212063488733393
14.28,2,2.01137865197594,-0.208136550756684,0.212058147161352
14.3,2,2.01135925481151,-0.208141712482543,0.212058147161352
14.32,2,2.01133889444465,-0.208148432422472,0.212046140449524
14.34,2,2.01131915586412,-0.208155355880068,0.212038928219646
14.36,2,2.0113003479673,-0.208164135739561,0.212038928219646
14.38,2,2.01127896100447,-0.208173145471103,0.21203045401033
14.4,2,2.01126057951393,-0.208183480299341,0.2120179174569
14.42,2,2.0112377785917,-0.208194010535112,0.2120179174569
14.44,2,2.01121917291631,-0.208205074523797,0.212013502443135
14.46,2,2.01119565679138,-0.208216396275933,0.21201126529457
14.48,2,2.01117609257891,-0.208227403428977,0.21201126529457
14.5,2,2.01115268800552,-0.208238708977134,0.212004163060175
14.52,2,2.01113212535296,-0.208249085915892,0.21200276864533
14.54,2,2.01111005415583,-0.208260004116378,0.21200276864533
14.56,2,2.01108836938383,-0.208269867469776,0.21200371006302
14.58,2,2.01106783457116,-0.208280350065799,0.211997033050626
14.6,2,2.01104510032476,-0.208289937272683,0.211997033050626
14.62,2,2.0110258428987,-0.208299969547554,0.211993737066588
14.64,2,2.01100252484028,-0.208309499146236,0.211994510191589
14.66,2,2.01098393635022,-0.208319115153059,0.211994510191589
14.68,2,2.01096075601333,-0.208328746492611,0.21198776322293
14.7,2,2.01094209075076,-0.208338052083293,0.211982442894148
14.72,2,2.01091965824938,-0.208347864782981,0.211982442894148
14.74,2,2.01089962461644,-0.208356896397033,0.211983314752717
14.76,2,2.01087775057435,-0.208366404964832,0.211979462778767
14.78,2,2.0108557825718,-0.208374617864168,0.211979462778767
14.8,2,2.01083455746349,-0.208382953425439,0.211977157004812
14.82,2,2.0108107173775,-0.208389722713491,0.211983390786484
14.84,2,2.01078991140967,-0.208396010742457,0.211983390786484
14.86,2,2.01076492626761,-0.208400724597353,0.211986163313026
14.88,2,2.01074479380518,-0.208404453114593,0.211986336449404
14.9,2,2.01072057950294,-0.208407326874946,0.211986336449404
14.92,2,2.01070118450516,-0.208409222314279,0.211991534497486
14.94,2,2.01067870174343,-0.208411207479362,0.211990739414564
14.96,2,2.01065944689018,-0.208412382990022,0.211990739414564
14.98,2,2.01063921342827,-0.208414449751333,0.211983318827574
15,2,2.01061975201773,-0.208416089474628,0.211980392764059
15.02,2,2.01060189647681,-0.208419175269748,0.211980392764059
15.04,2,2.01058224468092,-0.208422455988582,0.211973227901041
15.06,2,2.01056596722743,-0.208427304998184,0.211959277020276
15.08,2,2.01054585905167,-0.20843281096197,0.211959277020276
15.1,2,2.01052963091866,-0.208439409370618,0.211951589666617
15.12,2,2.01050911919324,-0.208446847357831,0.211945277009225
15.14,2,2.01049161418602,-0.208454751638486,0.211945277009225
15.16,2,2.01047023861909,-0.208463198194909,0.211936672495575
15.18,2,2.01045212159633,-0.208471456799111,0.211931535940482
15.2,2,2.01043167475974,-0.208480440203812,0.211931535940482
15.22,2,2.01041288388021,-0.20848908938475,0.211929572902272
15.24,2,2.0103927934517,-0.208498487735834,0.211923672229157
15.26,2,2.01037291342366,-0.208507304546227,0.211923672229157
15.28,2,2.01035379278841,-0.208516787804052,0.21191780429424
15.3,2,2.01033336027919,-0.208525693096444,0.211917052554492
15.32,2,2.01031508755127,-0.208535179608915,0.211917052554492
15.34,2,2.01029415793224,-0.208544348721865,0.211912870959311
15.36,2,2.01027662535404,-0.208553979922955,0.211905204167649
15.38,2,2.01025556517384,-0.208563542274342,0.211905204167649
15.4,2,2.01023791989653,-0.20857323438486,0.211902877586588
15.42,2,2.01021642114785,-0.208582969607391,0.211901567835432
15.44,2,2.01019853690646,-0.208592400730012,0.211901567835432
15.46,2,2.01017759536189,-0.208602064504034,0.211895322516451
15.48,2,2.01015936986508,-0.208611157157682,0.211892370516646
15.5,2,2.01013920595729,-0.20862073772142,0.211892370516646
15.52,2,2.01012040983207,-0.208629707080064,0.21189192320581
15.54,2,2.01010127860247,-0.208639306735918,0.211886032673445
15.56,2,2.01008191207149,-0.208648252485149,0.211886032673445
15.58,2,2.01006371388668,-0.208657838206018,0.211880462706646
15.6,2,2.01004372047744,-0.208666960325278,0.211879449994643
15.62,2,2.01002642856552,-0.208676655509239,0.211879449994643
15.64,2,2.0100060761234,-0.208686076937558,0.21187457292019
15.66,2,2.00998884966041,-0.208695761780485,0.211867902600251
15.68,2,2.00996782328367,-0.208705256885986,0.211867902600251
15.7,2,2.00995064138044,-0.208714589377785,0.21186734767747
15.72,2,2.00992994408989,-0.20872394179615,0.21186587812512
15.74,2,2.00991262872892,-0.208732834678468,0.21186587812512
15.76,2,2.00989241192578,-0.208742030841016,0.211859500340139
15.78,2,2.00987439476116,-0.208750534304787,0.211857525231861
15.8,2,2.00985510370977,-0.208759530961048,0.211857525231861
15.82,2,2.00983641578718,-0.208767728943676,0.211857389121272
15.84,2,2.00981820612337,-0.208776429645063,0.211851653884896
15.86,2,2.00979871771137,-0.20878439006953,0.211851653884896
15.88,2,2.00978115242959,-0.208792780319836,0.211847796091967
15.9,2,2.0097613271476,-0.208800602740003,0.21184785219015
15.92,2,2.00974473943015,-0.208808740669157,0.21184785219015
15.94,2,2.00972465484397,-0.208816619936151,0.211842971368832
15.96,2,2.00970819880293,-0.208824584856288,0.211836838336293
15.98,2,2.0096882573894,-0.208832588954238,0.211836838336293
16,2,2.00967207976837,-0.208840465394462,0.211835591273656
16.02,2,2.00965269465161,-0.208848734344795,0.211831888806582
16.04,2,2.00963601841764,-0.208856671128967,0.211831888806582
16.06,2,2.00961713757563,-0.208865223518503,0.211824335770298
16.08,2,2.00959960208229,-0.208873202578441,0.211822043254443
16.1,2,2.00958123516828,-0.208881705660604,0.211822043254443
16.12,2,2.00956233630926,-0.208889282938332,0.211822021078185
16.14,2,2.00954405945404,-0.208897018953272,0.211818559946593
16.16,2,2.00952335570452,-0.208903453281641,0.211818559946593
16.18,2,2.00950490746378,-0.208909377453498,0.211820546478015
16.2,2,2.00948281859811,-0.208913699072359,0.211828546587932
16.22,2,2.00946379885689,-0.208916727080541,0.211828546587932
16.24,2,2.00944083814587,-0.20891799052552,0.211833791987655
16.26,2,2.00942195406993,-0.208917534384736,0.211838963735466
16.28,2,2.0093999049561,-0.208915842159927,0.211838963735466
16.3,2,2.00938169831428,-0.208912554218259,0.211847618574158
16.32,2,2.00936175340095,-0.208908865421163,0.211849338043591
16.34,2,2.00934459045171,-0.208904222985139,0.211849338043591
16.36,2,2.00932684547081,-0.208900202908123,0.211844251768109
16.38,2,2.00931026357443,-0.208895858780894,0.211841344585632
16.4,2,2.00929476435551,-0.208892825506078,0.211841344585632
16.42,2,2.00927802811315,-0.208889998880417,0.211835138105789
16.44,2,2.0092634850181,-0.208888584035858,0.211823504366729
16.46,2,2.00924600197272,-0.208887627367079,0.211823504366729
16.48,2,2.00923193345677,-0.208887911122474,0.211816020644049
16.5,2,2.00921391607072,-0.20888889147619,0.211811115470877
16.52,2,2.0091995477633,-0.20889056025094,0.211811115470877
16.54,2,2.00918150443266,-0.208893005145152,0.211801550452353
16.56,2,2.00916675143155,-0.208895826176788,0.211793864757547
16.58,2,2.00914919453326,-0.208899693324342,0.211793864757547
16.6,2,2.00913426466668,-0.208903780755291,0.211789978899517
16.62,2,2.00911770572185,-0.208909193894972,0.211781043082315
16.64,2,2.00910201664248,-0.208914758419285,0.211781043082315
16.66,2,2.0090861901273,-0.208921747872287,0.21177075725904
16.68,2,2.00907002677168,-0.208928917576867,0.211765277217528
16.7,2,2.00905532572076,-0.208937544899646,0.211765277217528
16.72,2,2.00903811017032,-0.208946425113196,0.211757681925268
16.74,2,2.00902337180519,-0.208956321651035,0.211747721315201
16.76,2,2.00900456897988,-0.208966267429446,0.211747721315201
16.78,2,2.00898870593817,-0.208976292194572,0.211745956730202
16.8,2,2.00896832716865,-0.208985779818981,0.211748922553391
16.82,2,2.00895079916558,-0.208994176215149,0.211748922553391
16.84,2,2.00892908060803,-0.209001499942195,0.211750702870472
16.86,2,2.00891024831634,-0.209006841781622,0.211757764041289
16.88,2,2.00888915216987,-0.209011110390526,0.211757764041289
16.9,2,2.00886967632257,-0.209013156124867,0.211768474759599
16.92,2,2.00884969858434,-0.209014251951572,0.211773696904305
16.94,2,2.00883016318145,-0.20901333320193,0.211773696904305
16.96,2,2.00881238316947,-0.209012061654926,0.211776509192341
16.98,2,2.00879411677087,-0.209009710487347,0.211779837186559
17,2,2.00877920308543,-0.209007866422935,0.211779837186559
17.02,2,2.00876218693841,-0.209006113310737,0.211775000291618
17.04,2,2.00874924448664,-0.209005585994178,0.2117633046612
17.06,2,2.00873278452448,-0.20900608576681,0.2117633046612
17.08,2,2.00872041283151,-0.209007798068504,0.211755764816353
17.1,2,2.00870453363032,-0.209011004677143,0.21174632127926
17.12,2,2.00869174939158,-0.209015212762805,0.21174632127926
17.14,2,2.00867555456879,-0.209020961696984,0.211733071096261
17.16,2,2.00866113806949,-0.209027022446812,0.211726301938882
17.18,2,2.00864482742866,-0.209034286461444,0.211726301938882
17.2,2,2.00862862451138,-0.20904121234313,0.211723976219926
17.22,2,2.00861169422794,-0.20904870892937,0.211719868669194
17.24,2,2.00859329658889,-0.209055152350815,0.211719868669194
17.26,2,2.00857645319942,-0.209061525422404,0.211719910364285
17.28,2,2.00855728723462,-0.209066682469673,0.211725124247561
17.3,2,2.00854107179537,-0.209071543065296,0.211725124247561
17.32,2,2.0085215661869,-0.209075494451563,0.211725922800926
17.34,2,2.00850585252153,-0.209078998436683,0.211724673824527
17.36,2,2.00848649128241,-0.209081889853767,0.211724673824527
17.38,2,2.00847084963883,-0.209084069519788,0.211728712113789
17.4,2,2.0084518544672,-0.209086009452788,0.211730728158736
17.42,2,2.00843600344046,-0.209087112546115,0.211730728158736
17.44,2,2.00841780673103,-0.209088255536789,0.21172815806226
17.46,2,2.0084014791533,-0.209088396643514,0.211729873049733
17.48,2,2.00838418677744,-0.209088792470079,0.211729873049733
17.5,2,2.00836718479546,-0.209088251157314,0.211732609669277
17.52,2,2.00835095770486,-0.209088067990594,0.211729687534397
17.54,2,2.00833341931624,-0.20908702148512,0.211729687534397
17.56,2,2.00831803818703,-0.2090862884879,0.211728566614704
17.58,2,2.00829999707964,-0.209084987338592,0.211731066011339
17.6,2,2.00828534982509,-0.209083914762961,0.211731066011339
17.62,2,2.00826723098666,-0.209082557320258,0.21172861449451
17.64,2,2.00825288167427,-0.209081201539938,0.211724805173213
17.66,2,2.00823488035265,-0.209079961544179,0.211724805173213
17.68,2,2.00822060043502,-0.209078606586639,0.211725891591141
17.7,2,2.00820367227561,-0.209077865902093,0.211722987693054
17.72,2,2.00818972684384,-0.20907710819775,0.211722987693054
17.74,2,2.0081744399874,-0.209077604205752,0.211714236883775
17.76,2,2.0081607522711,-0.209078430908014,0.211707966799293
17.78,2,2.0081475455836,-0.209081218562421,0.211707966799293
17.8,2,2.00813415483996,-0.209084924237803,0.211698803136621
17.82,2,2.0081223305325,-0.20909088180275,0.211683194506348
17.84,2,2.00810827561129,-0.209097996468228,0.211683194506348
17.86,2,2.00809692963612,-0.20910723432415,0.211670583653239
17.88,2,2.0080826182041,-0.209117849840505,0.211660703463165
17.9,2,2.00807198616031,-0.209130396313821,0.211660703463165
17.92,2,2.008057603949,-0.209144634974794,0.21164509926121
17.94,2,2.00804682833007,-0.209160513697722,0.211629790335379
17.96,2,2.00803225212775,-0.209178232140858,0.211629790335379
17.98,2,2.00802064549278,-0.209197020617852,0.211620809684872
18,2,2.00800622925812,-0.209217578426019,0.21160936620539
18.02,2,2.00799334458127,-0.209238676370587,0.21160936620539
18.04,2,2.00797882082937,-0.209261272430268,0.211597015895692
18.06,2,2.00796373467631,-0.209283728927067,0.211593455081721
18.08,2,2.00794853044192,-0.209306853389511,0.211593455081721
18.1,2,2.00793111532284,-0.209328926672546,0.211593238183454
18.12,2,2.00791495983693,-0.209350626622766,0.211592609270439
18.14,2,2.00789541715045,-0.209370591573115,0.211592609270439
18.16,2,2.00787924762623,-0.20938942140904,0.211598951067303
18.18,2,2.00785947178262,-0.209406579316909,0.211607797715257
18.2,2,2.00784347604602,-0.209422187147041,0.211607797715257
18.22,2,2.00782416095504,-0.209436425627587,0.211611249891304
18.24,2,2.00780890041085,-0.209449152834423,0.211614272325881
18.26,2,2.00779124575908,-0.209461337083788,0.211614272325881
18.28,2,2.00777669826365,-0.209472345329011,0.211618985619083
18.3,2,2.00776113746383,-0.209483582978048,0.211616074354888
18.32,2,2.00774699166537,-0.209494114441446,0.211616074354888
18.34,2,2.00773319237892,-0.20950546413837,0.211609451489154
18.36,2,2.00771863470928,-0.209516468496511,0.211607212461347
18.38,2,2.00770587979855,-0.209528334351514,0.211607212461347
18.4,2,2.00769083977961,-0.209539959725315,0.211602404967006
18.42,2,2.00767878866257,-0.209552254434756,0.211593667640274
18.44,2,2.0076629514733,-0.209564476759584,0.211593667640274
18.46,2,2.00765066138291,-0.209576864011937,0.211591292392868
18.48,2,2.00763433311114,-0.209589216216958,0.211590443283061
18.5,2,2.00762145986616,-0.209601130453468,0.211590443283061
18.52,2,2.00760529076654,-0.209613021450099,0.211585494603723
18.54,2,2.00759179197082,-0.209624125632158,0.211584129737824
18.56,2,2.00757619359858,-0.209635373056379,0.211584129737824
18.58,2,2.00756230831518,-0.209645677550359,0.211585802815533
18.6,2,2.00754781978379,-0.209656287733477,0.211581984899815
18.62,2,2.00753309913633,-0.209665925947504,0.211581984899815
18.64,2,2.0075192836559,-0.209675852081936,0.211578618526251
18.66,2,2.00750409213302,-0.209684879491668,0.211580008414564
18.68,2,2.00749135743724,-0.20969412162408,0.211580008414564
18.7,2,2.00747562658296,-0.209702687117318,0.211577702131205
18.72,2,2.00746319004833,-0.209711248538228,0.211572836552916
18.74,2,2.00744736590304,-0.209719383992475,0.211572836552916
18.76,2,2.00743541247039,-0.209727289190165,0.211572812686608
18.78,2,2.00741981766006,-0.209735108300992,0.211572017761449
18.8,2,2.00740750472629,-0.209742438762022,0.211572017761449
18.82,2,2.00739237009696,-0.209749935345916,0.211566603126051
18.84,2,2.00737984344375,-0.209756755560811,0.211564372363458
18.86,2,2.00736566935093,-0.209763989501705,0.211564372363458
18.88,2,2.00735237338156,-0.209770449172003,0.211564514159567
18.9,2,2.00733869308709,-0.209777359660045,0.21155998411493
18.92,2,2.00732417044371,-0.209783271927771,0.21155998411493
18.94,2,2.00731104607288,-0.209789304301695,0.211557719755882
18.96,2,2.00729565430475,-0.209794303249753,0.21156060355375
18.98,2,2.00728296816177,-0.209799222775285,0.21156060355375
19,2,2.00726732324313,-0.20980332039906,0.211559653563737
19.02,2,2.00725536903143,-0.209807160105502,0.211555995166067
19.04,2,2.00723967926392,-0.209810519673807,0.211555995166067
19.06,2,2.00722761352875,-0.209813368933286,0.211557766848773
19.08,2,2.00721176734983,-0.209815934708377,0.211559144036893
19.1,2,2.00719892341247,-0.209817479572331,0.211559144036893
19.12,2,2.00718345427289,-0.20981875363941,0.211557045253592
19.14,2,2.00716984270055,-0.209818744214552,0.211559556550192
19.16,2,2.00715505219774,-0.209818613183537,0.211559556550192
19.18,2,2.00714097790026,-0.209817158251642,0.211563667969488
19.2,2,2.00712739813347,-0.209815716034755,0.211561880073641
19.22,2,2.00711253353891,-0.209813060841828,0.211561880073641
19.24,2,2.00709958094017,-0.209810376710091,0.211561932357443
19.26,2,2.00708435632708,-0.209806679940213,0.211565880738283
19.28,2,2.00707235773923,-0.209802868694332,0.211565880738283
19.3,2,2.00705685152556,-0.209798384716059,0.211564864634822
19.32,2,2.00704496367169,-0.209793589336352,0.211562555181817
19.34,2,2.00702958059871,-0.209788454087871,0.211562555181817
19.36,2,2.00701795210988,-0.209782831094923,0.211565078360947
19.38,2,2.00700310759106,-0.209777260471195,0.211565079956654
19.4,2,2.0069909640642,-0.209771038443052,0.211565079956654
19.42,2,2.00697673968869,-0.209765138812944,0.21156112082072
19.44,2,2.00696424406513,-0.209758515027457,0.211561153182489
19.46,2,2.00695115990414,-0.209752453992539,0.211561153182489
19.48,2,2.00693785788395,-0.209745715601989,0.211561811954378
19.5,2,2.00692547482413,-0.209739596628572,0.211557169805162
19.52,2,2.00691172901594,-0.209732946589422,0.211557169805162
19.54,2,2.00690045287763,-0.209726914296011,0.211554161966558
19.56,2,2.00688619293062,-0.209720642873961,0.211554638197485
19.58,2,2.00687523907015,-0.209714838411172,0.211554638197485
19.6,2,2.00686090869902,-0.209709111487738,0.211550184255198
19.62,2,2.00685045950537,-0.209703689159264,0.211544285676802
19.64,2,2.00683637873628,-0.209698745737857,0.211544285676802
19.66,2,2.00682558892815,-0.209693907520547,0.211543478699849
19.68,2,2.00681198569391,-0.209689856789246,0.211539697099847
19.7,2,2.00680099790509,-0.20968577714397,0.211539697099847
19.72,2,2.00678836932948,-0.209682783283704,0.211531676033491
19.74,2,2.00677659935899,-0.209679710636995,0.211528583622027
19.76,2,2.00676468089055,-0.209677843060523,0.211528583622027
19.78,2,2.00675241466284,-0.209675946724403,0.211525421186072
19.8,2,2.00674167560425,-0.209675310859175,0.211516401225894
19.82,2,2.00672869753851,-0.209674838015443,0.211516401225894
19.84,2,2.00671842828457,-0.209675503512471,0.211510488178468
19.86,2,2.00670519622376,-0.209676575682668,0.211507336977645
19.88,2,2.00669564795703,-0.209678624586248,0.211507336977645
19.9,2,2.0066823553746,-0.20968143070884,0.211498461219045
19.92,2,2.0066726764341,-0.209684963530626,0.211489853464285
19.94,2,2.00665920509879,-0.209689446558241,0.211489853464285
19.96,2,2.00664871260136,-0.209694136139112,0.211487521370801
19.98,2,2.00663542098291,-0.209699759753607,0.211482648572744
20,2,2.0066236724096,-0.209705118474279,0.211482648572744
